/*
SQLyog 企业版 - MySQL GUI v8.14 
MySQL - 5.7.20-log : Database - shop
*********************************************************************
*/

/*!40101 SET NAMES utf8 */;

/*!40101 SET SQL_MODE=''*/;

/*!40014 SET @OLD_UNIQUE_CHECKS=@@UNIQUE_CHECKS, UNIQUE_CHECKS=0 */;
/*!40014 SET @OLD_FOREIGN_KEY_CHECKS=@@FOREIGN_KEY_CHECKS, FOREIGN_KEY_CHECKS=0 */;
/*!40101 SET @OLD_SQL_MODE=@@SQL_MODE, SQL_MODE='NO_AUTO_VALUE_ON_ZERO' */;
/*!40111 SET @OLD_SQL_NOTES=@@SQL_NOTES, SQL_NOTES=0 */;
CREATE DATABASE /*!32312 IF NOT EXISTS*/`shop` /*!40100 DEFAULT CHARACTER SET utf8 */;

USE `shop`;

/*Table structure for table `adminuser` */

DROP TABLE IF EXISTS `adminuser`;

CREATE TABLE `adminuser` (
  `uid` int(11) NOT NULL AUTO_INCREMENT,
  `username` varchar(255) DEFAULT NULL,
  `password` varchar(255) DEFAULT NULL,
  PRIMARY KEY (`uid`)
) ENGINE=InnoDB AUTO_INCREMENT=2 DEFAULT CHARSET=utf8;

/*Data for the table `adminuser` */

insert  into `adminuser`(`uid`,`username`,`password`) values (1,'admin','123456');

/*Table structure for table `assess` */

DROP TABLE IF EXISTS `assess`;

CREATE TABLE `assess` (
  `id` int(11) NOT NULL AUTO_INCREMENT,
  `oid` int(11) DEFAULT NULL,
  `uid` int(11) DEFAULT NULL,
  `msg` varchar(50) DEFAULT '默认好评楼',
  `updatetime` datetime DEFAULT NULL,
  `remark` varchar(50) DEFAULT NULL,
  `status` int(11) DEFAULT NULL,
  `pid` int(11) DEFAULT NULL,
  `username` varchar(50) DEFAULT '默认名字',
  PRIMARY KEY (`id`) USING BTREE,
  KEY `FK_ID` (`oid`),
  KEY `FK_ID1` (`uid`),
  KEY `FK_ID2` (`pid`),
  CONSTRAINT `FK_ID` FOREIGN KEY (`oid`) REFERENCES `orders` (`oid`),
  CONSTRAINT `FK_ID1` FOREIGN KEY (`uid`) REFERENCES `user` (`uid`),
  CONSTRAINT `FK_ID2` FOREIGN KEY (`pid`) REFERENCES `product` (`pid`)
) ENGINE=InnoDB AUTO_INCREMENT=23 DEFAULT CHARSET=utf8;

/*Data for the table `assess` */

insert  into `assess`(`id`,`oid`,`uid`,`msg`,`updatetime`,`remark`,`status`,`pid`,`username`) values (1,1,7,'4','5019-04-22 00:00:00','34',0,NULL,'默认名字'),(5,3467,9,'s\'d\'fa\'s\'d','2019-04-28 00:18:23','士大夫',1,1,'默认名字'),(6,3467,9,'发的','2019-04-28 00:22:46','阿斯蒂芬',1,1,'默认名字'),(7,3467,9,'啦啦啦','2019-04-28 00:24:28','',1,1,'默认名字'),(8,3467,9,'啦啦啦','2019-04-28 00:24:47','',1,1,'默认名字'),(11,3467,9,'啦啦啦','2019-04-28 00:35:33','',1,1,'默认名字'),(12,3467,9,'啦啦啦','2019-04-28 00:44:34','',1,1,'默认名字'),(14,3467,9,'啦啦啦','2019-04-28 00:48:37','',1,1,'默认名字'),(15,3467,9,'啦啦啦','2019-04-28 00:49:31','',1,1,'默认名字'),(16,3467,9,'啦啦啦','2019-04-28 00:49:51','',1,1,'默认名字'),(17,3467,9,'啦啦啦','2019-04-28 00:56:44','',1,1,'默认名字'),(19,3466,9,'qwe','2019-04-28 02:32:18','阿斯蒂芬',1,51,'默认名字'),(20,3468,9,'你就是我的唯一','2019-04-28 03:43:41','啊',1,60,'rose'),(21,3470,9,'esafsadfasdfasdfasdf3w','2019-04-29 03:22:31','asdfasdfasdfasfd',1,1,'rose'),(22,3473,9,'你好啊','2019-04-29 03:23:36','阿斯顿发射点',1,1,'rose');

/*Table structure for table `category` */

DROP TABLE IF EXISTS `category`;

CREATE TABLE `category` (
  `cid` int(11) NOT NULL AUTO_INCREMENT,
  `cname` varchar(255) DEFAULT NULL,
  PRIMARY KEY (`cid`)
) ENGINE=InnoDB AUTO_INCREMENT=10 DEFAULT CHARSET=utf8;

/*Data for the table `category` */

insert  into `category`(`cid`,`cname`) values (1,'白兰地'),(2,'威士忌'),(3,'金酒'),(4,'伏特加'),(5,'朗姆酒'),(6,'特吉拉酒'),(9,'长城');

/*Table structure for table `categorysecond` */

DROP TABLE IF EXISTS `categorysecond`;

CREATE TABLE `categorysecond` (
  `csid` int(11) NOT NULL AUTO_INCREMENT,
  `csname` varchar(255) DEFAULT NULL,
  `cid` int(11) DEFAULT NULL,
  PRIMARY KEY (`csid`),
  KEY `FK936FCAF21DB1FD15` (`cid`),
  CONSTRAINT `FK936FCAF21DB1FD15` FOREIGN KEY (`cid`) REFERENCES `category` (`cid`)
) ENGINE=InnoDB AUTO_INCREMENT=35 DEFAULT CHARSET=utf8;

/*Data for the table `categorysecond` */

insert  into `categorysecond`(`csid`,`csname`,`cid`) values (1,'马利',1),(2,'人头马',1),(3,'爱之喜',1),(4,'百事吉',1),(5,'金花',1),(6,'路易斯',1),(7,'奥塔尔',1),(9,'皇家礼炮',2),(10,'老佰威',2),(11,'格兰利非特',2),(12,'红方',2),(13,'黑方',2),(14,'白马',2),(15,'御林军',3),(16,'博士',3),(17,'戈登斯',3),(18,'波尔斯',3),(19,'波克马',3),(20,'斯刁利西那亚',4),(21,'兰牛',4),(22,'莫斯科卡亚',4),(23,'斯米诺夫',4),(24,'百家地',5),(25,'龙里可',5),(26,'摩根船长',5),(27,'麦尔斯',5),(28,'凯尔弗',6),(29,'斗牛士',6),(30,'玛利亚西',6),(31,'索查',3),(32,'欧雷',6),(34,'干欲葡萄酒',9);

/*Table structure for table `orderitem` */

DROP TABLE IF EXISTS `orderitem`;

CREATE TABLE `orderitem` (
  `itemid` int(11) NOT NULL AUTO_INCREMENT,
  `COUNT` int(11) DEFAULT NULL,
  `subtotal` double DEFAULT NULL,
  `pid` int(11) DEFAULT NULL,
  `oid` int(11) DEFAULT NULL,
  `uid` int(11) DEFAULT NULL,
  `status` int(11) DEFAULT NULL,
  PRIMARY KEY (`itemid`) USING BTREE,
  KEY `FKE8B2AB6166C01961` (`oid`) USING BTREE,
  KEY `FKE8B2AB6171DB7AE4` (`pid`) USING BTREE,
  KEY `FKE8B2AB6140ACF87A` (`oid`) USING BTREE,
  KEY `FKE8B2AB6140AD0F00` (`uid`) USING BTREE,
  CONSTRAINT `FKE8B2AB6140ACF87A` FOREIGN KEY (`oid`) REFERENCES `orders` (`oid`),
  CONSTRAINT `FKE8B2AB6140AD0F00` FOREIGN KEY (`uid`) REFERENCES `orders` (`oid`),
  CONSTRAINT `FKE8B2AB6171DB7AE4` FOREIGN KEY (`pid`) REFERENCES `product` (`pid`)
) ENGINE=InnoDB AUTO_INCREMENT=66 DEFAULT CHARSET=utf8;

/*Data for the table `orderitem` */

insert  into `orderitem`(`itemid`,`COUNT`,`subtotal`,`pid`,`oid`,`uid`,`status`) values (1,1,228,1,1,NULL,0),(2,1,119,3,2,NULL,0),(3,1,172,2,3,NULL,0),(4,1,299,60,4,4,0),(5,1,299,60,5,5,0),(6,1,299,60,6,6,0),(7,1,299,60,7,7,0),(8,1,299,60,8,8,0),(9,1,299,60,9,9,0),(10,1,299,60,10,10,0),(11,1,228,1,11,NULL,0),(12,1,299,57,12,NULL,0),(13,1,186,35,12,NULL,0),(14,1,198,24,13,NULL,0),(15,1,198,28,13,NULL,0),(16,1,358,51,13,NULL,0),(17,1,299,57,14,NULL,0),(18,1,1299,5,14,NULL,0),(19,1,228,1,15,NULL,0),(20,1,299,57,15,NULL,0),(21,1,590,7,16,NULL,0),(22,1,186,40,17,NULL,0),(23,1,198,25,NULL,NULL,0),(24,1,186,40,19,NULL,0),(25,1,198,22,19,NULL,0),(26,1,299,57,20,NULL,0),(27,1,228,1,21,NULL,0),(28,1,228,1,NULL,NULL,0),(29,1,358,44,NULL,NULL,0),(30,1,228,1,NULL,NULL,0),(31,1,228,1,24,NULL,0),(32,1,358,51,NULL,NULL,0),(33,1,358,42,26,NULL,0),(34,1,299,60,27,NULL,0),(35,1,299,57,28,NULL,0),(36,1,358,51,29,NULL,0),(37,1,299,57,NULL,NULL,0),(38,1,299,60,NULL,NULL,0),(39,1,358,51,NULL,NULL,0),(40,2,396,22,31,NULL,0),(58,1,358,51,3466,NULL,NULL),(59,1,228,1,3467,NULL,NULL),(60,1,299,60,3468,NULL,NULL),(61,1,228,1,3469,NULL,NULL),(62,2,456,1,3470,NULL,NULL),(63,2,598,57,3471,NULL,NULL),(64,1,228,1,3472,NULL,NULL),(65,2,456,1,3473,NULL,NULL);

/*Table structure for table `orders` */

DROP TABLE IF EXISTS `orders`;

CREATE TABLE `orders` (
  `oid` int(11) NOT NULL AUTO_INCREMENT,
  `total` double DEFAULT NULL,
  `ordertime` date DEFAULT NULL,
  `state` int(11) DEFAULT NULL,
  `name` varchar(20) DEFAULT NULL,
  `phone` varchar(20) DEFAULT '110',
  `addr` varchar(50) DEFAULT '未填写',
  `uid` int(11) DEFAULT NULL,
  `status` int(11) DEFAULT '0',
  `pid` int(11) DEFAULT NULL,
  PRIMARY KEY (`oid`),
  KEY `FKC3DF62E5AA3D9C7` (`uid`),
  CONSTRAINT `FKC3DF62E5AA3D9C7` FOREIGN KEY (`uid`) REFERENCES `user` (`uid`)
) ENGINE=InnoDB AUTO_INCREMENT=3474 DEFAULT CHARSET=utf8;

/*Data for the table `orders` */

insert  into `orders`(`oid`,`total`,`ordertime`,`state`,`name`,`phone`,`addr`,`uid`,`status`,`pid`) values (1,228,'2019-04-15',3,'刘萌','123456789','上海市金山区佳木路12号',9,0,NULL),(2,119,'2019-04-15',1,'??','15726607618','??????????3?',NULL,0,NULL),(3,172,'2019-04-15',3,'刘萌','123456789','上海市金山区佳木路12号',9,0,NULL),(4,299,'2019-04-15',1,'拉拉','110','未填写默认中国吧 ',NULL,0,NULL),(5,299,'2019-04-15',3,'刘萌','123456789','上海市金山区佳木路12号',9,0,NULL),(6,299,'2019-04-15',3,'刘萌','123456789','上海市金山区佳木路12号',9,0,NULL),(7,299,'2019-04-15',1,'拉拉','110','未填写默认中国吧 ',9,0,NULL),(8,299,'2019-04-15',1,'拉拉','110','未填写默认中国吧 ',9,0,NULL),(9,299,'2019-04-15',1,'拉拉','110','未填写默认中国吧 ',9,0,NULL),(10,299,'2019-04-15',1,'拉拉','110','未填写默认中国吧 ',9,0,NULL),(11,228,'2019-04-15',1,'拉拉','110','未填写默认中国吧 ',9,0,NULL),(12,485,'2019-04-15',1,'拉拉','110','未填写默认中国吧 ',9,0,NULL),(13,754,'2019-04-15',1,'崔佳豪','110','未填写默认中国吧 ',9,0,NULL),(14,1598,'2019-04-15',1,'王云泽','110','未填写默认中国吧 ',9,0,NULL),(15,527,'2019-04-15',2,'刘萌','123456789','上海市金山区佳木路12号',9,0,NULL),(16,590,'2019-04-15',1,'刘萌','110','未填写默认中国吧 ',9,0,NULL),(17,186,'2019-04-15',1,'陈晓宇','110','未填写默认中国吧 ',16,0,NULL),(19,384,'2019-04-15',1,'苏文华','110','未填写默认中国吧 ',18,0,NULL),(20,299,'2019-04-15',3,'刘云飞','15726607618','????????????',19,0,NULL),(21,228,'2019-04-15',3,'胡文青','15726607618','????????????',20,0,NULL),(24,228,'2019-04-15',4,'刘云飞','15726607618','????????????',19,0,NULL),(26,358,'2019-04-15',4,'刘萌','15726607618','????????????',9,0,NULL),(27,299,'2019-04-15',3,'王云泽','15726607618','????????????',NULL,0,NULL),(28,299,'2019-04-15',4,'苏文华','15726607618','????????????',18,0,NULL),(29,358,'2019-04-15',3,'陈晓宇','15726607618','????????????',16,0,NULL),(31,396,'2019-04-15',3,'周小伟','15678221928','湖北省武汉市江汉路28号',23,0,NULL),(787,228,'2019-04-15',1,'dsf','123','234243',NULL,0,NULL),(3466,358,'2019-04-28',4,'刘萌','123456789','上海市金山区佳木路12号',9,1,NULL),(3467,228,'2019-04-28',4,'刘萌','123456789','上海市金山区佳木路12号',9,1,NULL),(3468,299,'2019-04-28',4,'刘萌','123456789','上海市金山区佳木路12号',9,1,NULL),(3469,228,'2019-04-28',4,'刘萌','123456789','上海市金山区佳木路12号',9,0,NULL),(3470,456,'2019-04-28',4,'刘萌','123456789','上海市金山区佳木路12号',9,1,NULL),(3471,598,'2019-04-28',3,NULL,NULL,NULL,9,0,NULL),(3472,228,'2019-04-29',4,'刘萌','123456789','上海市金山区佳木路12号',9,0,NULL),(3473,456,'2019-04-29',4,'刘萌','123456789','上海市金山区佳木路12号',9,1,NULL);

/*Table structure for table `product` */

DROP TABLE IF EXISTS `product`;

CREATE TABLE `product` (
  `pid` int(11) NOT NULL AUTO_INCREMENT,
  `pname` varchar(255) DEFAULT NULL,
  `market_price` double DEFAULT NULL,
  `shop_price` double DEFAULT NULL,
  `image` varchar(255) DEFAULT NULL,
  `pdesc` varchar(255) DEFAULT NULL,
  `is_hot` int(11) DEFAULT NULL,
  `pdate` datetime DEFAULT NULL,
  `csid` int(11) DEFAULT NULL,
  PRIMARY KEY (`pid`),
  KEY `FKED8DCCEFB9B74E02` (`csid`),
  CONSTRAINT `FKED8DCCEFB9B74E02` FOREIGN KEY (`csid`) REFERENCES `categorysecond` (`csid`)
) ENGINE=InnoDB AUTO_INCREMENT=62 DEFAULT CHARSET=utf8;

/*Data for the table `product` */

insert  into `product`(`pid`,`pname`,`market_price`,`shop_price`,`image`,`pdesc`,`is_hot`,`pdate`,`csid`) values (1,'美国进口洋酒JackDaniel\'s 杰克丹尼威士忌700mL/瓶',799,228,'products/1/cs10001.jpg','白兰地等级是根据桶贮时间划分的。人头马的生产标准高于干邑产区生产法令规定的标准，陈化期达到50年以上的称为路易十三。',1,'2017-05-08 19:54:35',1),(2,'美国进口洋酒JackDaniel\'s 杰克丹尼威士忌700mL/瓶y',1150,999,'products/1/cs10002.jpg','白兰地等级是根据桶贮时间划分的。人头马的生产标准高于干邑产区生产法令规定的标准，陈化期达到50年以上的称为路易十三。',0,'2017-05-08 19:55:07',1),(3,'美国进口洋酒JackDaniel\'s 杰克丹尼威士忌700mL/瓶',495,399,'products/1/cs10003.jpg','白兰地等级是根据桶贮时间划分的。人头马的生产标准高于干邑产区生产法令规定的标准，陈化期达到50年以上的称为路易十三。',0,'2017-05-10 08:49:35',1),(5,'美国进口洋酒JackDaniel\'s 杰克丹尼威士忌700mL/瓶',1338,1299,'products/1/cs10004.jpg','白兰地等级是根据桶贮时间划分的。人头马的生产标准高于干邑产区生产法令规定的标准，陈化期达到50年以上的称为路易十三。',0,'2017-05-10 08:49:41',2),(6,'美国进口洋酒JackDaniel\'s 杰克丹尼威士忌700mL/瓶',3588,3299,'products/1/cs10005.jpg','白兰地等级是根据桶贮时间划分的。人头马的生产标准高于干邑产区生产法令规定的标准，陈化期达到50年以上的称为路易十三。\r\n??? 白兰地等级是根据桶贮时间划分的。人头马的生产标准高于干邑产区生产法令规定的标准，陈化期达到50年以上的称为路易十三。',0,'2017-05-08 19:55:02',2),(7,'美国进口洋酒JackDaniel\'s 杰克丹尼威士忌700mL/瓶l',1120,690,'products/1/cs10006.jpg','白兰地等级是根据桶贮时间划分的。人头马的生产标准高于干邑产区生产法令规定的标准，陈化期达到50年以上的称为路易十三。',0,'2018-11-24 23:37:13',3),(8,'美国进口洋酒JackDaniel\'s 杰克丹尼威士忌700mL/瓶l',672,336,'products/1/cs10007.jpg','白兰地等级是根据桶贮时间划分的。人头马的生产标准高于干邑产区生产法令规定的标准，陈化期达到50年以上的称为路易十三。',0,'2017-05-08 19:55:20',3),(9,'美国进口洋酒JackDaniel\'s 杰克丹尼威士忌700mL/瓶',238,119,'products/1/cs10008.jpg','白兰地等级是根据桶贮时间划分的。人头马的生产标准高于干邑产区生产法令规定的标准，陈化期达到50年以上的称为路易十三。',0,'2017-05-10 08:49:59',3),(10,'美国进口洋酒JackDaniel\'s 杰克丹尼威士忌700mL/瓶',356,158,'products/1/cs10009.jpg','白兰地等级是根据桶贮时间划分的。人头马的生产标准高于干邑产区生产法令规定的标准，陈化期达到50年以上的称为路易十三。',0,'2017-05-10 08:49:52',4),(11,'美国进口洋酒JackDaniel\'s 杰克丹尼威士忌700mL/瓶',19800,9900,'products/1/cs20001.jpg','白兰地等级是根据桶贮时间划分的。人头马的生产标准高于干邑产区生产法令规定的标准，陈化期达到50年以上的称为路易十三。',0,'2017-05-10 08:49:46',4),(12,'美国进口洋酒JackDaniel\'s 杰克丹尼威士忌700mL/瓶',19800,9900,'products/1/cs20002.jpg','百事吉（Bisquit），始创于1819年，经过一百八十余年的发展，现已成为欧洲最大的蒸馏酒酿造厂之一。当亚历山大·百事吉创建这个酒厂的时候，还只是一个二十岁的小伙子，但凭借着非凡的才干，这个年轻人让他的酒厂最终成为了干邑地区最好的白兰地酒厂之一。',0,'2014-11-03 20:18:00',4),(13,'卡慕 经典特醇1750ML 宝树行 Camus 金花卡慕干邑白兰地 法国原装进口洋酒',19800,9900,'products/1/cs20003.jpg','始创于1863年的卡慕干邑又称金花干邑，是世界干邑顶级品牌，享有盛誉、尊崇达150年之久。卡幕家族传承五代至今无止境地追求着干邑酿造的极致，是全球最大的、唯一完全由家族掌控的独立干邑世家。卡慕的制作工艺尊重传统，所产干邑白兰地均采用自家果园栽种的圣·迪米里翁（Saint Emilion）优质葡萄作为原料加以醇制混合而成，因此具有雅致且充满活力的紫罗兰芳香。',0,'2014-11-03 20:18:00',5),(14,'卡慕 经典特醇1750ML 宝树行 Camus 金花卡慕干邑白兰地 法国原装进口洋酒',19800,9900,'products/1/cs20004.jpg','始创于1863年的卡慕干邑又称金花干邑，是世界干邑顶级品牌，享有盛誉、尊崇达150年之久。卡幕家族传承五代至今无止境地追求着干邑酿造的极致，是全球最大的、唯一完全由家族掌控的独立干邑世家。卡慕的制作工艺尊重传统，所产干邑白兰地均采用自家果园栽种的圣·迪米里翁（Saint Emilion）优质葡萄作为原料加以醇制混合而成，因此具有雅致且充满活力的紫罗兰芳香。',0,'2014-11-03 20:18:00',5),(15,'卡慕 经典特醇1750ML 宝树行 Camus 金花卡慕干邑白兰地 法国原装进口洋酒',19800,9900,'products/1/cs20005.jpg','始创于1863年的卡慕干邑又称金花干邑，是世界干邑顶级品牌，享有盛誉、尊崇达150年之久。卡幕家族传承五代至今无止境地追求着干邑酿造的极致，是全球最大的、唯一完全由家族掌控的独立干邑世家。卡慕的制作工艺尊重传统，所产干邑白兰地均采用自家果园栽种的圣·迪米里翁（Saint Emilion）优质葡萄作为原料加以醇制混合而成，因此具有雅致且充满活力的紫罗兰芳香。',0,'2014-11-03 20:18:00',5),(16,'宝树行人头马路易十三700mL Louis XIII 干邑白兰地原装进口洋酒',19800,9900,'products/1/cs20006.jpg','白兰地等级是根据桶贮时间划分的。人头马的生产标准高于干邑产区生产法令规定的标准，陈化期达到50年以上的称为路易十三。',0,'2014-11-03 20:18:00',6),(17,'宝树行人头马路易十三700mL Louis XIII 干邑白兰地原装进口洋酒',19800,9900,'products/1/cs20007.jpg','白兰地等级是根据桶贮时间划分的。人头马的生产标准高于干邑产区生产法令规定的标准，陈化期达到50年以上的称为路易十三。',0,'2014-11-03 20:18:00',6),(18,'宝树行人头马路易十三700mL Louis XIII 干邑白兰地原装进口洋酒',19800,9900,'products/1/cs20008.jpg','白兰地等级是根据桶贮时间划分的。人头马的生产标准高于干邑产区生产法令规定的标准，陈化期达到50年以上的称为路易十三。',0,'2014-11-03 20:18:00',6),(19,'宝树行 人头马路易十三3000mL 原装进口洋酒干邑白兰地',19800,9900,'products/1/cs20009.jpg','白兰地等级是根据桶贮时间划分的。人头马的生产标准高于干邑产区生产法令规定的标准，陈化期达到50年以上的称为路易十三。',0,'2014-10-01 20:18:00',7),(20,'宝树行 人头马路易十三3000mL 原装进口洋酒干邑白兰地',17900,7290,'products/1/cs20010.jpg','白兰地等级是根据桶贮时间划分的。人头马的生产标准高于干邑产区生产法令规定的标准，陈化期达到50年以上的称为路易十三。',0,'2014-11-03 20:18:00',7),(21,'宝树行 人头马路易十三3000mL 原装进口洋酒干邑白兰地',598,198,'products/1/cs30001.jpg','白兰地等级是根据桶贮时间划分的。人头马的生产标准高于干邑产区生产法令规定的标准，陈化期达到50年以上的称为路易十三。',1,'2014-11-03 20:18:00',7),(22,'皇家礼炮Royal Salute 21年苏格兰威士忌 3000ml 进口洋酒',598,198,'products/1/cs30002.jpg','白兰地等级是根据桶贮时间划分的。人头马的生产标准高于干邑产区生产法令规定的标准，陈化期达到50年以上的称为路易十三。',0,'2014-11-03 20:18:00',9),(23,'皇家礼炮Royal Salute 21年苏格兰威士忌 3000ml 进口洋酒',598,198,'products/1/cs30003.jpg','白兰地等级是根据桶贮时间划分的。人头马的生产标准高于干邑产区生产法令规定的标准，陈化期达到50年以上的称为路易十三。',0,'2014-11-03 20:18:00',9),(24,'皇家礼炮Royal Salute 21年苏格兰威士忌 3000ml 进口洋酒',598,198,'products/1/cs30004.jpg','白兰地等级是根据桶贮时间划分的。人头马的生产标准高于干邑产区生产法令规定的标准，陈化期达到50年以上的称为路易十三。',0,'2014-11-03 20:18:00',9),(25,'国王路易十五XO白兰地 法国原瓶进口洋酒 礼盒洋酒 700ml*1',598,198,'products/1/cs30005.jpg','白兰地等级是根据桶贮时间划分的。人头马的生产标准高于干邑产区生产法令规定的标准，陈化期达到50年以上的称为路易十三。',0,'2014-11-03 20:18:00',10),(26,'国王路易十五XO白兰地 法国原瓶进口洋酒 礼盒洋酒 700ml*1',598,198,'products/1/cs30006.jpg','白兰地等级是根据桶贮时间划分的。人头马的生产标准高于干邑产区生产法令规定的标准，陈化期达到50年以上的称为路易十三。',0,'2014-11-03 20:18:00',10),(27,'国王路易十五XO白兰地 法国原瓶进口洋酒 礼盒洋酒 700ml*1',598,198,'products/1/cs30007.jpg','白兰地等级是根据桶贮时间划分的。人头马的生产标准高于干邑产区生产法令规定的标准，陈化期达到50年以上的称为路易十三。',0,'2014-11-03 20:18:00',10),(28,'进口洋酒 美国杰克丹尼威士忌酒700ml Jack Daniels 鸡尾酒基酒',598,198,'products/1/cs30008.jpg','白兰地等级是根据桶贮时间划分的。人头马的生产标准高于干邑产区生产法令规定的标准，陈化期达到50年以上的称为路易十三。',0,'2014-11-03 20:18:00',11),(29,'进口洋酒 美国杰克丹尼威士忌酒700ml Jack Daniels 鸡尾酒基酒',598,198,'products/1/cs30009.jpg','白兰地等级是根据桶贮时间划分的。人头马的生产标准高于干邑产区生产法令规定的标准，陈化期达到50年以上的称为路易十三。',0,'2014-11-03 20:18:00',11),(31,'原装进口 正品洋酒 百龄坛12年威士忌 苏格兰威士忌 700ml',387,186,'products/1/cs40001.jpg','白兰地等级是根据桶贮时间划分的。人头马的生产标准高于干邑产区生产法令规定的标准，陈化期达到50年以上的称为路易十三。',0,'2014-11-03 20:18:00',12),(32,'原装进口 正品洋酒 百龄坛12年威士忌 苏格兰威士忌 700ml',387,186,'products/1/cs40002.jpg','白兰地等级是根据桶贮时间划分的。人头马的生产标准高于干邑产区生产法令规定的标准，陈化期达到50年以上的称为路易十三。',0,'2014-11-03 20:18:00',12),(33,'原装进口 正品洋酒 百龄坛12年威士忌 苏格兰威士忌 700ml',387,186,'products/1/cs40003.jpg','白兰地等级是根据桶贮时间划分的。人头马的生产标准高于干邑产区生产法令规定的标准，陈化期达到50年以上的称为路易十三。',0,'2014-11-03 20:18:00',12),(34,'正品洋酒米歇尔威士忌礼盒套装特价包邮 700ml*1',387,186,'products/1/cs40004.jpg','白兰地等级是根据桶贮时间划分的。人头马的生产标准高于干邑产区生产法令规定的标准，陈化期达到50年以上的称为路易十三。',0,'2014-11-03 20:18:00',13),(35,'正品洋酒米歇尔威士忌礼盒套装特价包邮 700ml*1',387,186,'products/1/cs40005.jpg','白兰地等级是根据桶贮时间划分的。人头马的生产标准高于干邑产区生产法令规定的标准，陈化期达到50年以上的称为路易十三。',1,'2014-11-03 20:18:00',13),(36,'正品洋酒米歇尔威士忌礼盒套装特价包邮 700ml*1',387,186,'products/1/cs40006.jpg','白兰地等级是根据桶贮时间划分的。人头马的生产标准高于干邑产区生产法令规定的标准，陈化期达到50年以上的称为路易十三。',0,'2014-11-03 20:18:00',13),(37,'正品洋酒米歇尔威士忌礼盒套装特价包邮 700ml*1',387,186,'products/1/cs40007.jpg','白兰地等级是根据桶贮时间划分的。人头马的生产标准高于干邑产区生产法令规定的标准，陈化期达到50年以上的称为路易十三。',0,'2014-11-03 20:18:00',14),(38,'正品洋酒米歇尔威士忌礼盒套装特价包邮 700ml*1',387,186,'products/1/cs40008.jpg','白兰地等级是根据桶贮时间划分的。人头马的生产标准高于干邑产区生产法令规定的标准，陈化期达到50年以上的称为路易十三。',0,'2014-11-03 20:18:00',14),(39,'正品洋酒米歇尔威士忌礼盒套装特价包邮 700ml*1',387,186,'products/1/cs40009.jpg','白兰地等级是根据桶贮时间划分的。人头马的生产标准高于干邑产区生产法令规定的标准，陈化期达到50年以上的称为路易十三。',0,'2014-11-03 20:18:00',14),(40,'正品洋酒米歇尔威士忌礼盒套装特价包邮 700ml*1',387,186,'products/1/cs40010.jpg','白兰地等级是根据桶贮时间划分的。人头马的生产标准高于干邑产区生产法令规定的标准，陈化期达到50年以上的称为路易十三。',0,'2014-11-03 20:18:00',15),(41,'正品洋酒米歇尔威士忌礼盒套装特价包邮 700ml*1',387,186,'products/1/cs40011.jpg','白兰地等级是根据桶贮时间划分的。人头马的生产标准高于干邑产区生产法令规定的标准，陈化期达到50年以上的称为路易十三。',1,'2014-11-03 20:18:00',15),(42,'正品洋酒米歇尔威士忌礼盒套装特价包邮 700ml*1',899,358,'products/1/cs50001.jpg','白兰地等级是根据桶贮时间划分的。人头马的生产标准高于干邑产区生产法令规定的标准，陈化期达到50年以上的称为路易十三。',1,'2014-11-03 20:18:00',15),(43,'正品洋酒米歇尔威士忌礼盒套装特价包邮 700ml*1',899,358,'products/1/cs50002.jpg','白兰地等级是根据桶贮时间划分的。人头马的生产标准高于干邑产区生产法令规定的标准，陈化期达到50年以上的称为路易十三。',0,'2014-11-03 20:18:00',16),(44,'正品洋酒米歇尔威士忌礼盒套装特价包邮 700ml*1',899,358,'products/1/cs50003.jpg','白兰地等级是根据桶贮时间划分的。人头马的生产标准高于干邑产区生产法令规定的标准，陈化期达到50年以上的称为路易十三。',1,'2014-11-03 20:18:00',16),(45,'正品洋酒米歇尔威士忌礼盒套装特价包邮 700ml*1',899,358,'products/1/cs50004.jpg','白兰地等级是根据桶贮时间划分的。人头马的生产标准高于干邑产区生产法令规定的标准，陈化期达到50年以上的称为路易十三。',0,'2014-12-07 20:18:00',16),(46,'正品洋酒米歇尔威士忌礼盒套装特价包邮 700ml*1',899,358,'products/1/cs50005.jpg','白兰地等级是根据桶贮时间划分的。人头马的生产标准高于干邑产区生产法令规定的标准，陈化期达到50年以上的称为路易十三。',0,'2014-11-03 20:18:00',17),(47,'正品洋酒米歇尔威士忌礼盒套装特价包邮 700ml*1',899,358,'products/1/cs50006.jpg','白兰地等级是根据桶贮时间划分的。人头马的生产标准高于干邑产区生产法令规定的标准，陈化期达到50年以上的称为路易十三。',1,'2014-11-03 20:18:00',17),(48,'正品洋酒米歇尔威士忌礼盒套装特价包邮 700ml*1',899,358,'products/1/cs50007.jpg','白兰地等级是根据桶贮时间划分的。人头马的生产标准高于干邑产区生产法令规定的标准，陈化期达到50年以上的称为路易十三。',0,'2014-11-03 20:18:00',17),(49,'正品洋酒米歇尔威士忌礼盒套装特价包邮 700ml*1',899,358,'products/1/cs50008.jpg','白兰地等级是根据桶贮时间划分的。人头马的生产标准高于干邑产区生产法令规定的标准，陈化期达到50年以上的称为路易十三。',0,'2014-11-03 20:18:00',18),(50,'正品洋酒米歇尔威士忌礼盒套装特价包邮 700ml*1',899,358,'products/1/cs50009.jpg','白兰地等级是根据桶贮时间划分的。人头马的生产标准高于干邑产区生产法令规定的标准，陈化期达到50年以上的称为路易十三。',0,'2014-11-03 20:18:00',18),(51,'冬装外套棉衣立领修身商务大码男装潮牌上衣',899,358,'products/1/cs50010.jpg','白兰地等级是根据桶贮时间划分的。人头马的生产标准高于干邑产区生产法令规定的标准，陈化期达到50年以上的称为路易十三。',1,'2014-12-07 20:18:00',18),(52,'正品洋酒米歇尔威士忌礼盒套装特价包邮 700ml*1',997,299,'products/1/cs60001.jpg','白兰地等级是根据桶贮时间划分的。人头马的生产标准高于干邑产区生产法令规定的标准，陈化期达到50年以上的称为路易十三。',0,'2014-11-03 20:18:00',19),(53,'正品洋酒米歇尔威士忌礼盒套装特价包邮 700ml*1',997,299,'products/1/cs60002.jpg','白兰地等级是根据桶贮时间划分的。人头马的生产标准高于干邑产区生产法令规定的标准，陈化期达到50年以上的称为路易十三。',1,'2014-11-03 20:18:00',19),(54,'正品洋酒米歇尔威士忌礼盒套装特价包邮 700ml*1',997,299,'products/1/cs60003.jpg','白兰地等级是根据桶贮时间划分的。人头马的生产标准高于干邑产区生产法令规定的标准，陈化期达到50年以上的称为路易十三。',0,'2014-11-03 20:18:00',19),(55,'正品洋酒米歇尔威士忌礼盒套装特价包邮 700ml*1',997,299,'products/1/cs60004.jpg','白兰地等级是根据桶贮时间划分的。人头马的生产标准高于干邑产区生产法令规定的标准，陈化期达到50年以上的称为路易十三。',0,'2014-11-03 20:18:00',20),(56,'正品洋酒米歇尔威士忌礼盒套装特价包邮 700ml*1',997,299,'products/1/cs60005.jpg','白兰地等级是根据桶贮时间划分的。人头马的生产标准高于干邑产区生产法令规定的标准，陈化期达到50年以上的称为路易十三。',0,'2014-11-03 20:18:00',20),(57,'正品洋酒米歇尔威士忌礼盒套装特价包邮 700ml*1',997,299,'products/1/cs60006.jpg','白兰地等级是根据桶贮时间划分的。人头马的生产标准高于干邑产区生产法令规定的标准，陈化期达到50年以上的称为路易十三。',1,'2014-12-07 22:18:00',21),(58,'正品洋酒米歇尔威士忌礼盒套装特价包邮 700ml*1',997,299,'products/1/cs60007.jpg','白兰地等级是根据桶贮时间划分的。人头马的生产标准高于干邑产区生产法令规定的标准，陈化期达到50年以上的称为路易十三。',0,'2014-11-03 20:18:00',21),(59,'正品洋酒米歇尔威士忌礼盒套装特价包邮 700ml*1',997,299,'products/1/cs60008.jpg','白兰地等级是根据桶贮时间划分的。人头马的生产标准高于干邑产区生产法令规定的标准，陈化期达到50年以上的称为路易十三。',0,'2014-11-03 20:18:00',22),(60,'正品洋酒米歇尔威士忌礼盒套装特价包邮 700ml*1',997,299,'products/1/cs60009.jpg','白兰地等级是根据桶贮时间划分的。人头马的生产标准高于干邑产区生产法令规定的标准，陈化期达到50年以上的称为路易十三。',1,'2014-12-02 20:18:00',22),(61,'正品洋酒米歇尔威士忌礼盒套装特价包邮 700ml*1',997,299,'products/1/cs60010.jpg','白兰地等级是根据桶贮时间划分的。人头马的生产标准高于干邑产区生产法令规定的标准，陈化期达到50年以上的称为路易十三。',0,'2014-11-03 20:18:00',22);

/*Table structure for table `t_category` */

DROP TABLE IF EXISTS `t_category`;

CREATE TABLE `t_category` (
  `id` int(11) NOT NULL,
  `name` varchar(30) DEFAULT NULL,
  `count_topics` int(11) DEFAULT '0',
  `count_comments` int(11) DEFAULT '0',
  PRIMARY KEY (`id`)
) ENGINE=InnoDB DEFAULT CHARSET=utf8;

/*Data for the table `t_category` */

insert  into `t_category`(`id`,`name`,`count_topics`,`count_comments`) values (1,'白酒',8,15),(2,'啤酒',5,11),(3,'黑酒',4,14),(4,'蓝酒',1,1),(5,'红酒',0,0),(6,'伏加特',1,0),(7,'清酒',0,0),(8,'竹叶青',6,56),(9,'汪汪汪',3,7);

/*Table structure for table `t_comment` */

DROP TABLE IF EXISTS `t_comment`;

CREATE TABLE `t_comment` (
  `id` int(11) NOT NULL AUTO_INCREMENT,
  `content` longtext,
  `floor` int(11) DEFAULT NULL,
  `comment_time` datetime DEFAULT NULL,
  `comments_user_id` int(11) NOT NULL,
  `comments_topic_id` int(11) NOT NULL,
  `integral` int(11) DEFAULT '0',
  `status` int(11) DEFAULT '0',
  PRIMARY KEY (`id`),
  KEY `comments_topic_id` (`comments_topic_id`) USING BTREE,
  KEY `comments_user_id` (`comments_user_id`),
  CONSTRAINT `comments_topic_id` FOREIGN KEY (`comments_topic_id`) REFERENCES `t_topic` (`id`),
  CONSTRAINT `comments_user_id` FOREIGN KEY (`comments_user_id`) REFERENCES `t_user` (`id`)
) ENGINE=InnoDB AUTO_INCREMENT=99 DEFAULT CHARSET=utf8;

/*Data for the table `t_comment` */

insert  into `t_comment`(`id`,`content`,`floor`,`comment_time`,`comments_user_id`,`comments_topic_id`,`integral`,`status`) values (1,'<p>大赞楼主<img src=\"http://img.baidu.com/hi/jx2/j_0057.gif\"/></p>',1,'2019-04-22 18:06:01',2,2,9,0),(2,'<p>这里弄得简单了一点，还有很多没有考虑到哦<img src=\"http://img.baidu.com/hi/jx2/j_0028.gif\"/></p>',1,'2019-04-22 18:06:46',2,1,5,0),(3,'<p>比如说空格字符串处理：假设需要处理的字符串为str，添加一句str.replace(/(&amp;nbsp;)|\\s|\\u00a0/g, &#39;&#39;);可以去掉空格</p>',2,'2019-04-22 18:08:27',2,1,5,0),(4,'<p>感谢各位捧场，哈哈哈<img src=\"http://img.baidu.com/hi/jx2/j_0028.gif\"/></p>',2,'2019-04-22 10:26:29',1,2,0,0),(5,'<p>不错不错，学习了<img src=\"http://img.baidu.com/hi/jx2/j_0019.gif\"/></p>',3,'2019-04-22 10:26:51',1,1,0,0),(6,'<p>这酒挺好喝</p>',1,'2019-04-22 10:34:23',1,5,0,1),(7,'<p>什么酒啊 真的难喝</p>',1,'2019-04-22 10:34:26',1,5,0,1),(8,'<p>什么酒啊 真的难喝</p>',1,'2019-04-22 10:34:28',1,5,0,1),(9,'<p>什么酒啊 真的难喝</p>',1,'2019-04-22 10:34:27',1,5,0,0),(10,'<p>什么酒啊 真的难喝</p>',1,'2019-04-22 10:34:19',1,5,0,1),(11,'<p>什么酒啊 真的难喝</p>',3,'2019-04-22 10:35:35',1,5,0,0),(12,'<p>什么酒啊 真的难喝</p>',4,'2019-04-22 10:39:00',2,5,0,0),(13,'<p>这是web容器生成的servlet代码中有out.write(””)，这个和JSP中调用的response.getOutputStream()产生冲突.</p><p>&nbsp;\r\n &nbsp; 即Servlet规范说明，不能既调用 \r\nresponse.getOutputStream()，又调用response.getWriter()，无论先调用哪一个，在调用第二个时候应会抛出\r\n \r\nIllegalStateException，因为在jsp中，out变量是通过response.getWriter得到的，在程序中既用了\r\nresponse.getOutputStream，又用了out变量，故出现以上错误。</p><p><a _src=\"http://www.shangxueba.com/jingyan/1862380.html\" href=\"http://www.shangxueba.com/jingyan/1862380.html\">http://www.shangxueba.com/jingyan/1862380.html</a><br/></p><p><br/></p><p><br/></p><p>刚刚找到的，看能不能解决你的问题<br/> </p>',1,'2019-04-22 10:42:12',2,6,0,0),(14,'<p>前端可以看js的扩展类库，比如jquery，EXTjs，easyui等</p><p>框架的话可以了解spring mvc，目前还比较流行，总之很多啦<br/></p>',1,'2019-04-22 10:44:15',2,7,0,0),(15,'<p>图片上传有问题<br/></p>',5,'2019-04-22 10:46:13',1,5,0,0),(16,'<p>引用功能只有留言框上的可以使用<br/></p>',6,'2019-04-22 10:46:33',1,5,0,0),(17,'<fieldset style=\"font-size: 12px;border: 1px solid #CCC;word-break: break-word;word-wrap: break-word;overflow-x: hidden;margin: 0 0 5px 0;padding: 0 5px 5px;\"><legend style=\"font-weight:bold;font-size:14px;\">引自 6 楼 尘封记忆的十月 的回复</legend>\r\n										<p>引用功能只有留言框上的可以使用<br/></p>\r\n									</fieldset><p>收回，在firefox里面好像可以<br/></p>',7,'2019-04-22 10:47:12',1,5,0,0),(18,'<fieldset style=\"font-size: 12px;border: 1px solid #CCC;word-break: break-word;word-wrap: break-word;overflow-x: hidden;margin: 0 0 5px 0;padding: 0 5px 5px;\"><legend style=\"font-weight:bold;font-size:14px;\">引自 7 楼 尘封记忆的十月 的回复</legend>\r\n										<fieldset style=\"font-size: 12px;border: 1px solid #CCC;word-break: break-word;word-wrap: break-word;overflow-x: hidden;margin: 0 0 5px 0;padding: 0 5px 5px;\"><legend style=\"font-weight:bold;font-size:14px;\">引自 6 楼 尘封记忆的十月 的回复</legend>\r\n										<p>引用功能只有留言框上的可以使用<br/></p>\r\n									</fieldset><p>收回，在firefox里面好像可以<br/></p>\r\n									</fieldset><p>不对，好像是只能引用自己的。。。<br/></p>',8,'2019-04-22 10:48:08',1,5,0,0),(19,'<p>链接进不去<img src=\"http://img.baidu.com/hi/jx2/j_0016.gif\"/></p>',1,'2019-04-22 10:48:51',1,8,0,0),(20,'<p>好东西啊<img src=\"http://img.baidu.com/hi/jx2/j_0069.gif\"/></p>',1,'2019-04-22 10:58:38',4,9,0,0),(21,'<fieldset style=\"font-size: 12px;border: 1px solid #CCC;word-break: break-word;word-wrap: break-word;overflow-x: hidden;margin: 0 0 5px 0;padding: 0 5px 5px;\"><legend style=\"font-weight:bold;font-size:14px;\">引自 1 楼 尘封记忆的十月 的回复</legend>\r\n										<p>链接进不去<img src=\"http://img.baidu.com/hi/jx2/j_0016.gif\"/></p>\r\n									</fieldset><p>这链接不管用，求楼主重发<br/></p>',2,'2019-04-22 11:00:00',4,8,0,0),(22,'<p><span style=\"line-height: 0px;\">﻿</span><a href=\"http://pan.baidu.com/s/1sjnsCBb\">http://pan.baidu.com/s/1sjnsCBb</a></p><p>&nbsp;</p><p>刚更正的公开链接&nbsp; 嘻嘻 前面的不好意思啊</p><p>&nbsp;</p>',3,'2019-04-22 11:01:35',3,8,0,0),(23,'<p>学习了&nbsp;&nbsp; <img src=\"http://img.baidu.com/hi/jx2/j_0058.gif\"/></p>',3,'2019-04-22 11:01:39',4,2,1,0),(24,'<p>不错，学习了<img src=\"http://img.baidu.com/hi/jx2/j_0059.gif\"/></p>',2,'2019-04-22 11:02:40',4,7,0,0),(25,'<fieldset style=\"font-size: 12px;border: 1px solid #CCC;word-break: break-word;word-wrap: break-word;overflow-x: hidden;margin: 0 0 5px 0;padding: 0 5px 5px;\"><legend style=\"font-weight:bold;font-size:14px;\">引自 3 楼 我一直在这儿 的回复</legend>\r\n										<p><span style=\"line-height: 0px;\">﻿</span><a href=\"http://pan.baidu.com/s/1sjnsCBb\">http://pan.baidu.com/s/1sjnsCBb</a></p><p>&nbsp;</p><p>刚更正的公开链接&nbsp; 嘻嘻 前面的不好意思啊</p><p>&nbsp;</p>\r\n									</fieldset><p>不错，感谢楼主分享<img src=\"http://img.baidu.com/hi/jx2/j_0069.gif\"/></p>',4,'2019-04-22 11:03:25',4,8,0,0),(26,'<p>验证码。俺们还没弄过的，学习学习<br/></p>',2,'2019-04-22 11:04:17',4,6,0,0),(27,'<p>我想做酒类电商<img src=\"http://img.baidu.com/hi/jx2/j_0028.gif\"/></p>',1,'2019-04-22 11:05:23',4,3,10,0),(28,'<p>自己来顶啊<br/></p>',1,'2019-04-22 11:07:32',4,10,0,0),(29,'<p>怎么没人来交朋友啊<br/></p>',2,'2019-04-22 11:08:24',4,10,0,0),(30,'<p>谢谢二楼 ！！！！！！！！！&nbsp;&nbsp; 哈哈哈</p>',3,'2019-04-22 11:10:41',3,6,0,0),(31,'<p>嘿嘿，报个到<br/></p>',3,'2019-04-22 11:11:29',5,10,0,0),(32,'<p>嘿嘿，不错<img src=\"http://img.baidu.com/hi/jx2/j_0037.gif\"/></p>',2,'2019-04-22 11:12:29',5,9,0,0),(33,'<p><img src=\"http://img.baidu.com/hi/jx2/j_0037.gif\"/>楼主真伟大</p>',5,'2019-04-22 11:12:59',5,8,0,0),(34,'<p>我爱学习&nbsp;谢谢一楼！！！有用<br/></p>',3,'2019-04-22 11:21:53',3,7,0,0),(35,'<p>一起学习哈</p>',4,'2019-04-22 11:53:16',1,2,0,0),(36,'<fieldset style=\"font-size: 12px;border: 1px solid #CCC;word-break: break-word;word-wrap: break-word;overflow-x: hidden;margin: 0 0 5px 0;padding: 0 5px 5px;\"><legend style=\"font-weight:bold;font-size:14px;\">引自 7 楼 尘封记忆的十月 的回复</legend>\r\n										<fieldset style=\"font-size: 12px;border: 1px solid #CCC;word-break: break-word;word-wrap: break-word;overflow-x: hidden;margin: 0 0 5px 0;padding: 0 5px 5px;\"><legend style=\"font-weight:bold;font-size:14px;\">引自 6 楼 尘封记忆的十月 的回复</legend>\r\n										<p>引用功能只有留言框上的可以使用<br/></p>\r\n									</fieldset><p>收回，在firefox里面好像可以<br/></p>\r\n									</fieldset><p>是因为昵称包含&#39;号<br/></p>',9,'2019-04-22 20:27:03',2,5,0,0),(37,'<p>嘿嘿，大家一起学习<br/></p>',3,'2019-04-22 20:36:25',2,9,0,0),(38,'<p><img src=\"http://img.baidu.com/hi/jx2/j_0059.gif\"/></p><p style=\"line-height: 16px;\"><img src=\"http://localhost:8080/DS-Java/ueditor/dialogs/attachment/fileTypeImages/icon_rar.gif\"/><a href=\"http://localhost:8080/DS-Java/ueditor/jsp/upload/20140822/70861408711229911.zip\">99csv2.3.0.0.zip</a></p><p>嘿嘿，分享个软件，无准考证查四六级<br/></p>',4,'2019-04-22 20:40:56',2,9,0,0),(39,'<p>王牌飞行员申请出战<img src=\"http://img.baidu.com/hi/jx2/j_0019.gif\"/></p>',7,'2019-04-22 12:44:06',3,10,0,0),(40,'<p><img src=\"http://images.junostatic.com/full/CS1710572-02B-BIG.jpg\"/>&nbsp;&nbsp;&nbsp;&nbsp;</p>',5,'2019-04-22 12:44:40',2,9,0,0),(41,'<p>还有很多问题呢</p>',10,'2019-04-22 14:09:45',1,5,0,0),(42,'<fieldset style=\"font-size: 12px;border: 1px solid #CCC;word-break: break-word;word-wrap: break-word;overflow-x: hidden;margin: 0 0 5px 0;padding: 0 5px 5px;\"><legend style=\"font-weight:bold;font-size:14px;\">引自 10 楼 尘封记忆的十月 的回复</legend>\r\n										<p>还有很多问题呢</p>\r\n									</fieldset><p>确实<br/></p>',11,'2019-04-22 22:11:27',2,5,0,0),(43,'<p>继续来找茬<br/></p>',12,'2019-04-22 22:25:28',2,5,0,0),(44,'<p>凑个热闹啊<br/></p>',10,'2019-04-22 22:38:59',1,10,0,0),(45,'<p>过来了哈哈哈<br/></p>',11,'2019-04-22 22:41:24',1,10,0,0),(46,'<p>好像有个bug<br/></p>',12,'2019-04-22 22:42:53',1,10,0,0),(47,'<p>还差两个啊<br/></p>',13,'2019-04-22 22:43:36',1,10,0,0),(48,'<p>还有一个，嘿嘿<br/></p>',14,'2019-04-22 22:43:52',1,10,0,0),(49,'<p>哈哈哈哈哈哈哈哈哈</p>',6,'2019-04-22 17:41:21',1,8,0,0),(50,'<p>积分可以少于10了？？？</p>',1,'2019-04-23 01:37:06',3,12,0,0),(51,'<p>哈哈，改了一下<br/></p>',2,'2019-04-23 01:39:03',1,12,0,0),(52,'<p>图片上传已搞定</p>',13,'2019-04-23 01:49:38',1,5,0,0),(53,'<p>过来了哈哈哈<br/></p>',14,'2019-04-23 03:23:06',3,5,0,0),(54,'<fieldset style=\"font-size: 12px;border: 1px solid #CCC;word-break: break-word;word-wrap: break-word;overflow-x: hidden;margin: 0 0 5px 0;padding: 0 5px 5px;\"><legend style=\"font-weight:bold;font-size:14px;\">引自 14 楼 我一直在这儿 的回复</legend>\r\n										<p>1.上传图片（头像）</p><p>2.在回复信息时图片加不上去</p><p>3.结贴时总是无法分配积分</p><p>4.用户称号需要改成动态的</p><p>5.点击用户名以后出现的界面里，用户信息中发帖数不是动态的，一直是0</p><p><br/></p>\r\n									</fieldset><ol class=\" list-paddingleft-2\" style=\"list-style-type: decimal;\"><li><p>上传图片（头像）搞定了，因为img标签中文名显示问题，可能跟那里的tomcat的配置有关系</p></li></ol><p>2.在回复信息时图片加不上去，这个要上传的，不能直接黏贴，但是以前我好像黏贴起来过，现在。。。。</p><p>3.结贴时总是无法分配积分，不会啊，分配积分需要分配完，不然不能成功的，那里用到了js验证</p><p>4.用户称号需要改成动态的，，，，，这个<img src=\"http://img.baidu.com/hi/jx2/j_0019.gif\"/><br/></p><p>5.点击用户名以后出现的界面里，用户信息中发帖数不是动态的，一直是0&nbsp; 已修复，后台代码问题<br/></p>',15,'2019-04-23 13:28:59',1,5,0,0),(55,'<p>过来了哈哈哈<br/></p>',1,'2019-04-23 05:49:50',1,13,0,0),(56,'<p>过来了哈哈哈<br/></p>',2,'2019-04-23 05:51:05',1,13,0,0),(57,'<p>过来了哈哈哈<br/></p>',3,'2019-04-23 05:51:13',1,13,0,0),(58,'<p>过来了哈哈哈<br/></p>',4,'2019-04-23 05:51:31',1,13,0,0),(59,'<p>过来了哈哈哈<br/></p>',5,'2019-04-23 05:52:09',3,13,0,0),(60,'<p>过来了哈哈哈<br/></p>',6,'2019-04-23 05:52:17',1,13,0,0),(61,'<p><span style=\"line-height: 0px;\">﻿</span>4.用户称号需要改成动态的</p>',7,'2019-04-23 05:52:20',3,13,0,0),(62,'<p>过来了哈哈哈<br/></p>',8,'2019-04-23 05:52:36',3,13,0,0),(63,'<p>评论图片上传出现问题</p>',9,'2019-04-23 05:54:03',1,13,0,0),(64,'<fieldset style=\"font-size: 12px;border: 1px solid #CCC;word-break: break-word;word-wrap: break-word;overflow-x: hidden;margin: 0 0 5px 0;padding: 0 5px 5px;\"><legend style=\"font-weight:bold;font-size:14px;\">引自 8 楼 我一直在这儿 的回复</legend>\r\n										<p><span style=\"line-height: 0px;\">﻿</span>点击用户名以后出现的界面里，用户信息中发帖数不是动态的，一直是0</p><p>&nbsp;</p>\r\n									</fieldset><p>这里改好了，只不过是以前的数据干扰了</p>',10,'2019-04-23 05:55:04',1,13,0,0),(65,'<p>过来了哈哈哈<br/></p>',11,'2019-04-23 08:51:06',5,13,0,0),(66,'<p>过来了哈哈哈<br/></p>',12,'2019-04-23 08:51:32',5,13,0,0),(67,'<p>过来了哈哈哈<br/></p>',13,'2019-04-23 08:52:04',5,13,0,0),(68,'<fieldset style=\"font-size: 12px;border: 1px solid #CCC;word-break: break-word;word-wrap: break-word;overflow-x: hidden;margin: 0 0 5px 0;padding: 0 5px 5px;\"><legend style=\"font-weight:bold;font-size:14px;\">引自 3 楼 尘封记忆的十月 的回复</legend>\r\n										<p>引用功能有问题</p>\r\n									</fieldset><p>这个也可以呢</p>',14,'2019-04-23 08:52:35',5,13,0,0),(69,'<p>是不是这些问题都解决了啊，我怎么感觉解决了呢</p>',15,'2019-04-23 08:53:05',5,13,0,0),(70,'<fieldset style=\"font-size: 12px;border: 1px solid #CCC;word-break: break-word;word-wrap: break-word;overflow-x: hidden;margin: 0 0 5px 0;padding: 0 5px 5px;\"><legend style=\"font-weight:bold;font-size:14px;\">引自 15 楼 木头人 的回复</legend>\r\n										<p>是不是这些问题都解决了啊，我怎么感觉解决了呢</p>\r\n									</fieldset><p>是的，基本上都解决了</p>',16,'2019-04-23 08:55:22',1,13,0,0),(71,'<p>哎呀&nbsp;我怎么就黏贴不上捏？</p><p><br/></p>',17,'2019-04-24 05:42:59',3,13,0,0),(72,'<p>的确啊&nbsp;ctrl+v都用不上呢！！！！<br/></p>',18,'2019-04-24 05:47:00',8,13,0,0),(73,'<p>可以黏贴啊<img src=\"http://giun.vxg197.10000net.cn/ueditor/jsp/upload1/20140824/87181408862861953.png\"/></p>',19,'2019-04-24 06:47:43',1,13,0,0),(74,'<p>哈哈哈，做的不错哦！</p>',20,'2019-04-24 14:47:58',2,13,0,0),(75,'<p>撒打算发地方<br/></p>',1,'2014-09-09 19:25:57',1,11,0,0),(76,'<p>怎么没有人那<br/></p>',1,'2014-11-06 19:04:30',1,19,0,0),(77,'<fieldset style=\"font-size: 12px;border: 1px solid #CCC;word-break: break-word;word-wrap: break-word;overflow-x: hidden;margin: 0 0 5px 0;padding: 0 5px 5px;\"><legend style=\"font-weight:bold;font-size:14px;\">引自 5 楼 ImChengxuyuan 的回复</legend>\r\n										<p><img src=\"http://images.junostatic.com/full/CS1710572-02B-BIG.jpg\"/>&nbsp;&nbsp;&nbsp;&nbsp;</p>\r\n									</fieldset><p>呵呵看见好看了好几口后进口货<br/></p>',6,'2014-12-10 16:33:03',1,9,0,0),(78,'<fieldset style=\"font-size: 12px;border: 1px solid #CCC;word-break: break-word;word-wrap: break-word;overflow-x: hidden;margin: 0 0 5px 0;padding: 0 5px 5px;\"><legend style=\"font-weight:bold;font-size:14px;\">引自 6 楼 尘封记忆的十月 的回复</legend>\r\n										<fieldset style=\"font-size: 12px;border: 1px solid #CCC;word-break: break-word;word-wrap: break-word;overflow-x: hidden;margin: 0 0 5px 0;padding: 0 5px 5px;\"><legend style=\"font-weight:bold;font-size:14px;\">引自 5 楼 ImChengxuyuan 的回复</legend>\r\n										<p><img src=\"http://images.junostatic.com/full/CS1710572-02B-BIG.jpg\"/>&nbsp;&nbsp;&nbsp;&nbsp;</p>\r\n									</fieldset><p>呵呵看见好看了好几口后进口货<br/></p>\r\n									</fieldset><p>很快就很快就好了<br/></p>',7,'2014-12-10 16:33:19',1,9,0,0),(79,'<p>dfasdfasfasfdasfa</p>',21,'2014-12-10 16:40:02',5,13,0,0),(89,'<p>但如果的风格发生阿萨</p>',3,'2019-04-29 13:05:10',5,23,0,0),(90,'<p>你就是给智障？？？？？</p>',4,'2019-04-29 13:06:00',5,23,0,0),(91,'<p><font size=\"3\">asdfasd</font></p>',5,'2019-04-29 13:10:12',5,23,0,0),(92,'<p>你就是给智障？？？？？</p>',6,'2019-04-29 13:11:09',5,23,0,0),(93,'<p>我日你是的</p>',1,'2019-04-29 13:54:04',5,24,0,0),(94,'士大夫感到附属国<p>d</p>',2,'2019-04-29 13:54:29',5,24,0,0),(95,'<p>fgasdfsadfsadf</p>',1,'2019-04-29 15:26:16',2,26,0,0),(96,'<p>87487</p>',2,'2019-04-29 16:21:53',2,26,0,0),(97,'<p>787878</p>',1,'2019-04-29 16:27:24',2,27,0,0),(98,'',1,'2019-04-29 16:32:05',2,28,0,0);

/*Table structure for table `t_grade` */

DROP TABLE IF EXISTS `t_grade`;

CREATE TABLE `t_grade` (
  `id` int(11) NOT NULL AUTO_INCREMENT,
  `honor` varchar(30) DEFAULT NULL,
  PRIMARY KEY (`id`)
) ENGINE=InnoDB AUTO_INCREMENT=19 DEFAULT CHARSET=utf8;

/*Data for the table `t_grade` */

insert  into `t_grade`(`id`,`honor`) values (1,'初闻酒家'),(2,'我想喝酒'),(3,'我想买酒'),(4,'酒有点好喝'),(5,'我想做酒类电商'),(6,'我不会做'),(7,'我百度查'),(8,'我还是不会做'),(9,'我去查淘宝'),(10,'有一点意思'),(11,'我去查天猫'),(12,'模仿架构'),(13,'我正在做'),(14,'我有bug'),(15,'我做完了'),(16,'我写论文'),(17,'我改论文'),(18,'毕业答辩');

/*Table structure for table `t_help` */

DROP TABLE IF EXISTS `t_help`;

CREATE TABLE `t_help` (
  `id` int(11) NOT NULL,
  `title` varchar(100) DEFAULT NULL,
  `content` longtext,
  `newtime` datetime DEFAULT NULL,
  PRIMARY KEY (`id`)
) ENGINE=InnoDB DEFAULT CHARSET=utf8;

/*Data for the table `t_help` */

insert  into `t_help`(`id`,`title`,`content`,`newtime`) values (1,'登录与注册','<p style=\"line-height: 1.75em;\"><strong><span style=\"font-size: 18px; font-family: 宋体;\">如何注册论坛账号</span></strong><span style=\";font-size:16px;font-family:&#39;宋体&#39;\"><br/><br/>&nbsp; &nbsp; &nbsp;点击论坛右上角的&quot;注册&quot;进行注册。注册成功之后，系统会自动跳转到论坛首页。<br/><br/><strong><span style=\"font-size: 18px; font-family: 宋体;\">如何登录论坛</span></strong><br/><br/>&nbsp; &nbsp; &nbsp;如果您已经注册成功，您可以点击页面右上角的登录进行登录，进入登录界面填写正确的用户名、密码，点击&quot;登录&quot;即可完成登录。登录成功后会自动跳转到论坛首页。<br/></span></p><p><br/></p>','2014-05-11 21:11:23'),(2,'密码注意事项','<p style=\"line-height: 1.75em;\"><span style=\"font-size: 18px;\"><strong><span style=\"font-family: &#39;宋体&#39;;\">忘记密码</span></strong></span><span style=\";font-size:16px;font-family:&#39;宋体&#39;\"><br/><br/>&nbsp;&nbsp;&nbsp; 目前还没有找回密码的功能，所以请大家先牢记自己的密码，论坛会加紧时间进一步开发这个功能，敬请期待，谢谢！<br/><br/><span style=\"font-family: &#39;宋体&#39;; font-size: 18px;\"><strong>修改密码</strong></span><br/><br/>&nbsp;&nbsp;&nbsp; 登录后点击论坛右上角&quot;个人中心&quot;—&quot;修改密码&quot;&nbsp;可以修改登录密码。</span></p><p><br/></p>','2014-08-24 00:49:23'),(3,'如何发表贴子','<p style=\"line-height: 1.75em;\"><span style=\"font-size: 20px;\"><strong><span style=\"font-family: &#39;宋体&#39;;\">发帖</span></strong></span></p><p style=\"line-height: 1.75em;\"><span style=\";font-size:16px;font-family:&#39;宋体&#39;\">&nbsp;&nbsp;&nbsp; <span style=\"font-family: &#39;宋体&#39;; font-size: 18px;\">用户登录后找到相应的发帖按钮如下，</span></span></p><p style=\"line-height: 1.75em;\"><span style=\";font-size:14px;font-family:&#39;Times New Roman&#39;\">&nbsp;</span></p><p style=\"line-height: 1.75em;\"><img src=\"http://localhost:8080/DS-Java/ueditor/jsp/upload1/20140511/19671399812391141.png\" style=\"width: 364px; height: 175px;\" title=\"发帖.png\"/></p><p style=\"line-height: 1.75em;\"><img style=\"width: 508px; height: 101px;\" src=\"http://localhost:8080/DS-Java/ueditor/jsp/upload1/20140511/48051399812630936.png\" title=\"发帖2.png\"/></p><p style=\"line-height: 1.75em;\"><span style=\";font-size:14px;font-family:&#39;Times New Roman&#39;\"></span><br/></p><p style=\"line-height: 1.75em;\"><span style=\";font-size:14px;font-family:&#39;Times New Roman&#39;\">&nbsp;&nbsp;&nbsp;&nbsp;&nbsp;&nbsp;&nbsp;&nbsp; </span><span style=\"font-size: 18px; font-family: 宋体,SimSun;\">然后会进入到发帖的页面，如果没有登录的话就会跳转到登录界面要求你登录，发帖页面如下，</span></p><p style=\"line-height: 1.75em;\"><span style=\";font-size:14px;font-family:&#39;Times New Roman&#39;\">&nbsp;<img style=\"width: 483px; height: 307px;\" src=\"http://localhost:8080/DS-Java/ueditor/jsp/upload1/20140511/70211399812445355.png\" title=\"发帖3.png\"/></span></p><p style=\"line-height: 1.75em;\"><span style=\";font-size:14px;font-family:&#39;宋体&#39;\">&nbsp;&nbsp;&nbsp; <br/></span></p><p style=\"line-height: 1.75em;\"><span style=\"font-family: &#39;宋体&#39;; font-size: 18px;\">&nbsp;&nbsp;&nbsp; 发帖要求文章内容至少多余<span style=\"font-size: 18px; font-family: Times New Roman;\">20</span><span style=\"font-size: 18px; font-family: 宋体;\">个字，发帖成功后会跳转到刚刚发表的帖子的页面。</span></span></p><p style=\"line-height: 1.75em;\"><span style=\"font-family: &#39;宋体&#39;; font-size: 18px;\">&nbsp;&nbsp;&nbsp; 发帖成功！</span></p><p><br/></p>','2014-05-11 21:11:00'),(4,'如何评论帖子','<p style=\"line-height: 1.75em;\"><span style=\"font-size: 20px;\"><strong><span style=\"font-family: &#39;宋体&#39;;\">评论</span></strong></span></p><p style=\"line-height: 1.75em;\"><span style=\"font-family: &#39;宋体&#39;; font-size: 18px;\">&nbsp;&nbsp;&nbsp; 到指定的帖子页面找到评论的地方，如下，</span></p><p style=\"line-height: 1.75em;\"><span style=\"font-family: &#39;宋体&#39;; font-size: 18px;\"><br/></span></p><p style=\"line-height: 1.75em;\"><img style=\"width: 519px; height: 186px;\" src=\"http://localhost:8080/DS-Java/ueditor/jsp/upload1/20140511/64371399812718355.png\" title=\"评论.png\"/><span style=\"font-family: &#39;Times New Roman&#39;; font-size: 18px;\">&nbsp;</span></p><p style=\"line-height: 1.75em;\"><span style=\"font-family: &#39;宋体&#39;; font-size: 18px;\"><br/></span></p><p style=\"line-height: 1.75em;\"><span style=\"font-family: &#39;宋体&#39;; font-size: 18px;\">&nbsp;&nbsp;&nbsp; 评论要求字数在<span style=\"font-size: 18px; font-family: Times New Roman;\">10</span><span style=\"font-size: 18px; font-family: 宋体;\">个以上，如果没有登录则会跳转到登录的页面。</span></span></p><p><br/></p>','2014-05-11 21:10:49'),(5,'联系我们','<p style=\";text-autospace:ideograph-other;text-align:left;line-height:22px\"><span style=\";color:rgb(0,0,0);font-weight:normal;font-style:normal;font-size:14px;font-family:&#39;宋体&#39;\">联系我们：</span></p><p style=\";text-autospace:ideograph-other;text-align:left;line-height:22px\"><span style=\";color:rgb(0,0,0);font-weight:normal;font-style:normal;font-size:14px;font-family:&#39;宋体&#39;\">电话：</span><span style=\";color:rgb(0,0,0);font-weight:normal;font-style:normal;font-size:14px;font-family:&#39;宋体&#39;\">0731-2309047&nbsp;&nbsp;</span><span style=\";color:rgb(0,0,0);font-weight:normal;font-style:normal;font-size:14px;font-family:&#39;宋体&#39;\">&nbsp;</span></p><p style=\";text-autospace:ideograph-other;text-align:left;line-height:22px\"><span style=\";color:rgb(0,0,0);font-weight:normal;font-style:normal;font-size:14px;font-family:&#39;宋体&#39;\">Email:</span><span style=\";color:rgb(0,0,0);font-weight:normal;font-style:normal;font-size:14px;font-family:&#39;宋体&#39;\">dreamstationx.@sina.com</span></p><p style=\";text-autospace:ideograph-other;text-align:left;line-height:22px\"><span style=\";color:rgb(0,0,0);font-weight:normal;font-style:normal;font-size:14px;font-family:&#39;宋体&#39;\">地址：湖南省长沙市（雨花区）万家丽南路2段960号</span></p><p style=\";text-autospace:ideograph-other;text-align:left;line-height:22px\"><span style=\";color:rgb(0,0,0);font-weight:normal;font-style:normal;font-size:14px;font-family:&#39;宋体&#39;\">邮编：410000</span></p><p><img width=\"530\" height=\"340\" src=\"http://api.map.baidu.com/staticimage?center=113.01819,28.072091&zoom=16&width=530&height=340&markers=113.015136,28.072314\"/></p>','2014-08-23 10:30:31');

/*Table structure for table `t_new` */

DROP TABLE IF EXISTS `t_new`;

CREATE TABLE `t_new` (
  `id` int(11) NOT NULL AUTO_INCREMENT,
  `new_time` datetime DEFAULT NULL,
  `news_comment_user_id` int(11) NOT NULL,
  `news_topic_id` int(11) NOT NULL,
  `status` int(11) DEFAULT '0',
  PRIMARY KEY (`id`),
  KEY `news_comment_user_id` (`news_comment_user_id`),
  KEY `news_topic_id` (`news_topic_id`),
  CONSTRAINT `news_comment_user_id` FOREIGN KEY (`news_comment_user_id`) REFERENCES `t_user` (`id`),
  CONSTRAINT `news_topic_id` FOREIGN KEY (`news_topic_id`) REFERENCES `t_topic` (`id`)
) ENGINE=InnoDB AUTO_INCREMENT=53 DEFAULT CHARSET=utf8;

/*Data for the table `t_new` */

insert  into `t_new`(`id`,`new_time`,`news_comment_user_id`,`news_topic_id`,`status`) values (1,'2019-04-22 18:06:01',2,2,1),(2,'2019-04-22 18:06:46',2,1,1),(3,'2019-04-22 18:08:27',2,1,1),(4,'2019-04-22 18:34:57',2,5,1),(5,'2019-04-22 10:39:00',2,5,1),(6,'2019-04-22 10:42:12',2,6,1),(7,'2019-04-22 10:44:15',2,7,1),(8,'2019-04-22 10:48:51',1,8,0),(9,'2019-04-22 10:58:38',4,9,1),(10,'2019-04-22 11:00:00',4,8,1),(11,'2019-04-22 11:01:39',4,2,1),(12,'2019-04-22 11:02:40',4,7,1),(13,'2019-04-22 11:03:25',4,8,1),(14,'2019-04-22 11:04:17',4,6,1),(15,'2019-04-22 11:05:23',4,3,1),(16,'2019-04-22 11:11:29',5,10,1),(17,'2019-04-22 11:12:29',5,9,1),(18,'2019-04-22 11:12:59',5,8,1),(19,'2019-04-22 20:27:03',2,5,1),(20,'2019-04-22 12:41:09',3,10,1),(21,'2019-04-22 12:41:42',3,10,1),(22,'2019-04-22 12:43:08',3,10,1),(23,'2019-04-22 12:44:06',3,10,1),(24,'2019-04-22 22:11:27',2,5,1),(25,'2019-04-22 22:25:28',2,5,1),(26,'2019-04-22 14:32:43',1,10,1),(27,'2019-04-22 14:34:44',1,10,1),(28,'2019-04-22 22:38:59',1,10,1),(29,'2019-04-22 22:41:24',1,10,1),(30,'2019-04-22 22:42:53',1,10,1),(31,'2019-04-22 22:43:36',1,10,1),(32,'2019-04-22 22:43:52',1,10,1),(33,'2019-04-22 17:41:21',1,8,1),(34,'2019-04-23 01:37:06',3,12,1),(35,'2019-04-23 03:23:06',3,5,1),(36,'2019-04-23 05:52:09',3,13,1),(37,'2019-04-23 05:52:20',3,13,1),(38,'2019-04-23 05:52:36',3,13,1),(39,'2019-04-23 08:51:06',5,13,1),(40,'2019-04-23 08:51:32',5,13,1),(41,'2019-04-23 08:52:04',5,13,1),(42,'2019-04-23 08:52:35',5,13,1),(43,'2019-04-23 08:53:05',5,13,1),(44,'2019-04-24 05:42:59',3,13,1),(45,'2019-04-24 05:47:00',8,13,1),(46,'2019-04-24 14:47:58',2,13,1),(47,'2014-12-10 16:33:03',1,9,0),(48,'2014-12-10 16:33:19',1,9,0),(49,'2014-12-10 16:40:02',5,13,1),(50,'2019-04-29 07:52:50',5,13,0),(51,'2019-04-29 07:53:00',5,13,0),(52,'2019-04-29 07:54:37',5,13,0);

/*Table structure for table `t_topic` */

DROP TABLE IF EXISTS `t_topic`;

CREATE TABLE `t_topic` (
  `id` int(11) NOT NULL,
  `title` varchar(50) DEFAULT NULL,
  `content` longtext,
  `comment_count` int(11) DEFAULT '0',
  `status` int(11) DEFAULT '0',
  `topic_time` datetime DEFAULT NULL,
  `topics_user_id` int(11) NOT NULL,
  `topics_type_id` int(11) NOT NULL,
  `nice_topic` int(11) DEFAULT '0',
  `integral` int(11) DEFAULT NULL,
  PRIMARY KEY (`id`),
  KEY `topics_user_id` (`topics_user_id`),
  KEY `topics_type_id` (`topics_type_id`),
  CONSTRAINT `topics_type_id` FOREIGN KEY (`topics_type_id`) REFERENCES `t_type` (`id`),
  CONSTRAINT `topics_user_id` FOREIGN KEY (`topics_user_id`) REFERENCES `t_user` (`id`)
) ENGINE=InnoDB DEFAULT CHARSET=utf8;

/*Data for the table `t_topic` */

insert  into `t_topic`(`id`,`title`,`content`,`comment_count`,`status`,`topic_time`,`topics_user_id`,`topics_type_id`,`nice_topic`,`integral`) values (1,'js登录验证','<p style=\"margin: 0px; padding: 0px; color: rgb(0, 0, 0); font-family: Arial; font-size: 14px; font-style: normal; font-variant: normal; font-weight: normal; letter-spacing: normal; line-height: 26px; orphans: auto; text-align: left; text-indent: 0px; text-transform: none; white-space: normal; widows: auto; word-spacing: 0px; -webkit-text-stroke-width: 0px; background-color: rgb(255, 255, 255);\"><span style=\"font-size: 18px;\"><strong>经常写js验证，感觉很麻烦，这次就把他整理贴出来，以后可以直接用了。具体介绍这里不罗嗦了，直接贴代码，相信大家都能理解代码的含义</strong></span></p><p style=\"margin: 0px; padding: 0px; color: rgb(0, 0, 0); font-family: Arial; font-size: 14px; font-style: normal; font-variant: normal; font-weight: normal; letter-spacing: normal; line-height: 26px; orphans: auto; text-align: left; text-indent: 0px; text-transform: none; white-space: normal; widows: auto; word-spacing: 0px; -webkit-text-stroke-width: 0px; background-color: rgb(255, 255, 255);\"><span style=\"font-size: 24px; color: rgb(204, 0, 0);\">登录验证：</span></p><p style=\"margin: 0px; padding: 0px; color: rgb(0, 0, 0); font-family: Arial; font-size: 14px; font-style: normal; font-variant: normal; font-weight: normal; letter-spacing: normal; line-height: 26px; orphans: auto; text-align: left; text-indent: 0px; text-transform: none; white-space: normal; widows: auto; word-spacing: 0px; -webkit-text-stroke-width: 0px; background-color: rgb(255, 255, 255);\"><span style=\"font-size: 18px;\">Jsp页面代码：</span></p><pre class=\"brush:html;toolbar:false\">&lt;form&nbsp;action=&quot;userLogin.action&quot;&nbsp;method=&quot;post&quot;&nbsp;onsubmit=&quot;return&nbsp;login();&quot;&nbsp;id=&quot;loginForm&quot;&gt;\r\n&nbsp;&nbsp;&nbsp;&nbsp;&lt;h3&gt;用户登录&lt;/h3&gt;\r\n&nbsp;&nbsp;&nbsp;&nbsp;&lt;br&nbsp;/&gt;&nbsp;用&nbsp;户&nbsp;名：&lt;input&nbsp;type=&quot;text&quot;&nbsp;name=&quot;user.username&quot;&nbsp;id=&quot;uName&quot;&nbsp;style=&quot;height:&nbsp;30px;width:&nbsp;220px;font-size:&nbsp;20px;&quot;&nbsp;/&gt;&lt;br&nbsp;/&gt;\r\n&nbsp;&nbsp;&nbsp;&nbsp;&lt;br&nbsp;/&gt;&nbsp;密&nbsp;&nbsp;&nbsp;&nbsp;码：&lt;input&nbsp;type=&quot;password&quot;&nbsp;name=&quot;user.password&quot;&nbsp;id=&quot;uPass&quot;&nbsp;style=&quot;height:&nbsp;30px;width:&nbsp;220px;font-size:&nbsp;20px;&quot;&nbsp;/&gt;&lt;br&nbsp;/&gt;\r\n&nbsp;&nbsp;&nbsp;&nbsp;&lt;br&nbsp;/&gt;&nbsp;&lt;input&nbsp;type=&quot;submit&quot;&nbsp;value=&quot;登录&quot;&nbsp;style=&quot;height:&nbsp;30px;width:&nbsp;60px;font-size:&nbsp;20px;&quot;&nbsp;/&gt;&nbsp;&nbsp;&nbsp;&nbsp;&nbsp;\r\n&nbsp;&nbsp;&nbsp;&nbsp;&nbsp;&nbsp;&nbsp;&nbsp;&nbsp;&nbsp;&nbsp;&nbsp;&nbsp;&nbsp;&nbsp;&lt;input&nbsp;type=&quot;reset&quot;&nbsp;value=&quot;重置&quot;&nbsp;style=&quot;height:&nbsp;30px;width:&nbsp;60px;font-size:&nbsp;20px;&quot;&nbsp;/&gt;\r\n&nbsp;&lt;/form&gt;</pre><p><span style=\"color: rgb(0, 0, 0); font-family: Arial; font-size: 18px; font-style: normal; font-variant: normal; font-weight: normal; letter-spacing: normal; line-height: 26px; orphans: auto; text-align: left; text-indent: 0px; text-transform: none; white-space: normal; widows: auto; word-spacing: 0px; -webkit-text-stroke-width: 0px; background-color: rgb(255, 255, 255); display: inline !important; float: none;\">js验证代码：</span></p><pre class=\"brush:js;toolbar:false\">function&nbsp;login()&nbsp;{\r\n&nbsp;&nbsp;&nbsp;&nbsp;//&nbsp;console.info(&quot;点击了登录&quot;);\r\n&nbsp;&nbsp;&nbsp;&nbsp;var&nbsp;userName&nbsp;=&nbsp;$(&quot;#uName&quot;).val();\r\n&nbsp;&nbsp;&nbsp;&nbsp;//&nbsp;console.info(userName)\r\n&nbsp;&nbsp;&nbsp;&nbsp;var&nbsp;userPass&nbsp;=&nbsp;$(&quot;#uPass&quot;).val();\r\n&nbsp;&nbsp;&nbsp;&nbsp;//&nbsp;console.info(userPass);\r\n&nbsp;&nbsp;&nbsp;&nbsp;if&nbsp;(userName&nbsp;==&nbsp;&quot;&quot;&nbsp;||&nbsp;userName&nbsp;==&nbsp;null)&nbsp;{\r\n&nbsp;&nbsp;&nbsp;&nbsp;&nbsp;&nbsp;&nbsp;&nbsp;alert(&quot;用户名不能为空&quot;);\r\n&nbsp;&nbsp;&nbsp;&nbsp;&nbsp;&nbsp;&nbsp;&nbsp;return&nbsp;false;\r\n&nbsp;&nbsp;&nbsp;&nbsp;}&nbsp;else&nbsp;if&nbsp;(userPass&nbsp;==&nbsp;&quot;&quot;&nbsp;||&nbsp;userPass&nbsp;==&nbsp;null)&nbsp;{\r\n&nbsp;&nbsp;&nbsp;&nbsp;&nbsp;&nbsp;&nbsp;&nbsp;alert(&quot;密码不能为空&quot;);\r\n&nbsp;&nbsp;&nbsp;&nbsp;&nbsp;&nbsp;&nbsp;&nbsp;return&nbsp;false;\r\n&nbsp;&nbsp;&nbsp;&nbsp;}&nbsp;else&nbsp;{\r\n&nbsp;&nbsp;&nbsp;&nbsp;&nbsp;&nbsp;&nbsp;&nbsp;return&nbsp;true;\r\n&nbsp;&nbsp;&nbsp;&nbsp;}\r\n}</pre><p><br/></p>',3,1,'2019-04-22 17:54:11',1,7,1,10),(2,'js注册验证','<p>继续上一篇js注册验证<br/></p><p><span style=\"font-family: Arial; font-style: normal; font-variant: normal; font-weight: normal; letter-spacing: normal; line-height: 26px; orphans: auto; text-align: left; text-indent: 0px; text-transform: none; white-space: normal; widows: auto; word-spacing: 0px; -webkit-text-stroke-width: 0px; background-color: rgb(255, 255, 255); font-size: 24px; color: rgb(204, 0, 0);\">注册验证：</span><span style=\"color: rgb(0, 0, 0); font-family: Arial; font-size: 14px; font-style: normal; font-variant: normal; font-weight: normal; letter-spacing: normal; line-height: 26px; orphans: auto; text-align: left; text-indent: 0px; text-transform: none; white-space: normal; widows: auto; word-spacing: 0px; -webkit-text-stroke-width: 0px; background-color: rgb(255, 255, 255); display: inline !important; float: none;\"></span></p><p style=\"margin: 0px; padding: 0px; color: rgb(0, 0, 0); font-family: Arial; font-size: 14px; font-style: normal; font-variant: normal; font-weight: normal; letter-spacing: normal; line-height: 26px; orphans: auto; text-align: left; text-indent: 0px; text-transform: none; white-space: normal; widows: auto; word-spacing: 0px; -webkit-text-stroke-width: 0px; background-color: rgb(255, 255, 255);\"><span style=\"font-size: 18px;\">JSP页面代码：</span></p><pre class=\"brush:html;toolbar:false\">&lt;span&nbsp;style=&quot;white-space:pre&quot;&gt;&nbsp;&nbsp;&nbsp;&nbsp;&nbsp;&nbsp;&nbsp;&nbsp;&nbsp;&nbsp;&nbsp;&nbsp;&nbsp;&nbsp;&nbsp;&nbsp;&lt;/span&gt;&lt;form&nbsp;action=&quot;userRegister.action&quot;&nbsp;method=&quot;post&quot;&nbsp;onsubmit=&quot;return&nbsp;register();&quot;&gt;\r\n&nbsp;&nbsp;&nbsp;&nbsp;&nbsp;&nbsp;&nbsp;&nbsp;&nbsp;&nbsp;&nbsp;&nbsp;&nbsp;&nbsp;&nbsp;&nbsp;&nbsp;&nbsp;&nbsp;&nbsp;&lt;h3&gt;用户注册&lt;/h3&gt;\r\n&nbsp;&nbsp;&nbsp;&nbsp;&nbsp;&nbsp;&nbsp;&nbsp;&nbsp;&nbsp;&nbsp;&nbsp;&nbsp;&nbsp;&nbsp;&nbsp;&nbsp;&nbsp;&nbsp;&nbsp;&lt;table&gt;\r\n&nbsp;&nbsp;&nbsp;&nbsp;&nbsp;&nbsp;&nbsp;&nbsp;&nbsp;&nbsp;&nbsp;&nbsp;&nbsp;&nbsp;&nbsp;&nbsp;&nbsp;&nbsp;&nbsp;&nbsp;&nbsp;&nbsp;&nbsp;&nbsp;&lt;tr&gt;\r\n&nbsp;&nbsp;&nbsp;&nbsp;&nbsp;&nbsp;&nbsp;&nbsp;&nbsp;&nbsp;&nbsp;&nbsp;&nbsp;&nbsp;&nbsp;&nbsp;&nbsp;&nbsp;&nbsp;&nbsp;&nbsp;&nbsp;&nbsp;&nbsp;&nbsp;&nbsp;&nbsp;&nbsp;&lt;td&nbsp;style=&quot;text-align:&nbsp;right;width:&nbsp;200px;line-height:&nbsp;50px;&quot;&gt;用&amp;nbsp;户&amp;nbsp;名&lt;font\r\n&nbsp;&nbsp;&nbsp;&nbsp;&nbsp;&nbsp;&nbsp;&nbsp;&nbsp;&nbsp;&nbsp;&nbsp;&nbsp;&nbsp;&nbsp;&nbsp;&nbsp;&nbsp;&nbsp;&nbsp;&nbsp;&nbsp;&nbsp;&nbsp;&nbsp;&nbsp;&nbsp;&nbsp;&nbsp;&nbsp;&nbsp;&nbsp;color=&quot;red&quot;&gt;*&lt;/font&gt;：\r\n&nbsp;&nbsp;&nbsp;&nbsp;&nbsp;&nbsp;&nbsp;&nbsp;&nbsp;&nbsp;&nbsp;&nbsp;&nbsp;&nbsp;&nbsp;&nbsp;&nbsp;&nbsp;&nbsp;&nbsp;&nbsp;&nbsp;&nbsp;&nbsp;&nbsp;&nbsp;&nbsp;&nbsp;&lt;/td&gt;\r\n&nbsp;&nbsp;&nbsp;&nbsp;&nbsp;&nbsp;&nbsp;&nbsp;&nbsp;&nbsp;&nbsp;&nbsp;&nbsp;&nbsp;&nbsp;&nbsp;&nbsp;&nbsp;&nbsp;&nbsp;&nbsp;&nbsp;&nbsp;&nbsp;&nbsp;&nbsp;&nbsp;&nbsp;&lt;td&gt;&lt;input&nbsp;type=&quot;text&quot;&nbsp;name=&quot;user.username&quot;\r\n&nbsp;&nbsp;&nbsp;&nbsp;&nbsp;&nbsp;&nbsp;&nbsp;&nbsp;&nbsp;&nbsp;&nbsp;&nbsp;&nbsp;&nbsp;&nbsp;&nbsp;&nbsp;&nbsp;&nbsp;&nbsp;&nbsp;&nbsp;&nbsp;&nbsp;&nbsp;&nbsp;&nbsp;&nbsp;&nbsp;&nbsp;&nbsp;onblur=&quot;return&nbsp;checkname()&quot;&nbsp;id=&quot;uName&quot;\r\n&nbsp;&nbsp;&nbsp;&nbsp;&nbsp;&nbsp;&nbsp;&nbsp;&nbsp;&nbsp;&nbsp;&nbsp;&nbsp;&nbsp;&nbsp;&nbsp;&nbsp;&nbsp;&nbsp;&nbsp;&nbsp;&nbsp;&nbsp;&nbsp;&nbsp;&nbsp;&nbsp;&nbsp;&nbsp;&nbsp;&nbsp;&nbsp;style=&quot;width:&nbsp;220px;font-size:&nbsp;16px;&quot;&nbsp;/&gt;&lt;/td&gt;\r\n&nbsp;&nbsp;&nbsp;&nbsp;&nbsp;&nbsp;&nbsp;&nbsp;&nbsp;&nbsp;&nbsp;&nbsp;&nbsp;&nbsp;&nbsp;&nbsp;&nbsp;&nbsp;&nbsp;&nbsp;&nbsp;&nbsp;&nbsp;&nbsp;&nbsp;&nbsp;&nbsp;&nbsp;&lt;td&nbsp;id=&quot;namets&quot;\r\n&nbsp;&nbsp;&nbsp;&nbsp;&nbsp;&nbsp;&nbsp;&nbsp;&nbsp;&nbsp;&nbsp;&nbsp;&nbsp;&nbsp;&nbsp;&nbsp;&nbsp;&nbsp;&nbsp;&nbsp;&nbsp;&nbsp;&nbsp;&nbsp;&nbsp;&nbsp;&nbsp;&nbsp;&nbsp;&nbsp;&nbsp;&nbsp;style=&quot;width:&nbsp;150px;height:40px;text-align:&nbsp;left;font-size:&nbsp;12px;&quot;&gt;&lt;/td&gt;\r\n&nbsp;&nbsp;&nbsp;&nbsp;&nbsp;&nbsp;&nbsp;&nbsp;&nbsp;&nbsp;&nbsp;&nbsp;&nbsp;&nbsp;&nbsp;&nbsp;&nbsp;&nbsp;&nbsp;&nbsp;&nbsp;&nbsp;&nbsp;&nbsp;&lt;/tr&gt;\r\n&nbsp;&nbsp;&nbsp;&nbsp;&nbsp;&nbsp;&nbsp;&nbsp;&nbsp;&nbsp;&nbsp;&nbsp;&nbsp;&nbsp;&nbsp;&nbsp;&nbsp;&nbsp;&nbsp;&nbsp;&nbsp;&nbsp;&nbsp;&nbsp;&lt;tr&gt;\r\n&nbsp;&nbsp;&nbsp;&nbsp;&nbsp;&nbsp;&nbsp;&nbsp;&nbsp;&nbsp;&nbsp;&nbsp;&nbsp;&nbsp;&nbsp;&nbsp;&nbsp;&nbsp;&nbsp;&nbsp;&nbsp;&nbsp;&nbsp;&nbsp;&nbsp;&nbsp;&nbsp;&nbsp;&lt;td&nbsp;style=&quot;text-align:&nbsp;right;line-height:&nbsp;50px;&quot;&gt;密&amp;nbsp;&amp;nbsp;&amp;nbsp;&amp;nbsp;码&lt;font\r\n&nbsp;&nbsp;&nbsp;&nbsp;&nbsp;&nbsp;&nbsp;&nbsp;&nbsp;&nbsp;&nbsp;&nbsp;&nbsp;&nbsp;&nbsp;&nbsp;&nbsp;&nbsp;&nbsp;&nbsp;&nbsp;&nbsp;&nbsp;&nbsp;&nbsp;&nbsp;&nbsp;&nbsp;&nbsp;&nbsp;&nbsp;&nbsp;color=&quot;red&quot;&gt;*&lt;/font&gt;：\r\n&nbsp;&nbsp;&nbsp;&nbsp;&nbsp;&nbsp;&nbsp;&nbsp;&nbsp;&nbsp;&nbsp;&nbsp;&nbsp;&nbsp;&nbsp;&nbsp;&nbsp;&nbsp;&nbsp;&nbsp;&nbsp;&nbsp;&nbsp;&nbsp;&nbsp;&nbsp;&nbsp;&nbsp;&lt;/td&gt;\r\n&nbsp;&nbsp;&nbsp;&nbsp;&nbsp;&nbsp;&nbsp;&nbsp;&nbsp;&nbsp;&nbsp;&nbsp;&nbsp;&nbsp;&nbsp;&nbsp;&nbsp;&nbsp;&nbsp;&nbsp;&nbsp;&nbsp;&nbsp;&nbsp;&nbsp;&nbsp;&nbsp;&nbsp;&lt;td&gt;&lt;input&nbsp;type=&quot;password&quot;&nbsp;id=&quot;uPass&quot;&nbsp;name=&quot;user.password&quot;\r\n&nbsp;&nbsp;&nbsp;&nbsp;&nbsp;&nbsp;&nbsp;&nbsp;&nbsp;&nbsp;&nbsp;&nbsp;&nbsp;&nbsp;&nbsp;&nbsp;&nbsp;&nbsp;&nbsp;&nbsp;&nbsp;&nbsp;&nbsp;&nbsp;&nbsp;&nbsp;&nbsp;&nbsp;&nbsp;&nbsp;&nbsp;&nbsp;onblur=&quot;return&nbsp;checkpass();&quot;\r\n&nbsp;&nbsp;&nbsp;&nbsp;&nbsp;&nbsp;&nbsp;&nbsp;&nbsp;&nbsp;&nbsp;&nbsp;&nbsp;&nbsp;&nbsp;&nbsp;&nbsp;&nbsp;&nbsp;&nbsp;&nbsp;&nbsp;&nbsp;&nbsp;&nbsp;&nbsp;&nbsp;&nbsp;&nbsp;&nbsp;&nbsp;&nbsp;style=&quot;width:&nbsp;220px;font-size:&nbsp;16px;&quot;&nbsp;/&gt;&lt;/td&gt;\r\n&nbsp;&nbsp;&nbsp;&nbsp;&nbsp;&nbsp;&nbsp;&nbsp;&nbsp;&nbsp;&nbsp;&nbsp;&nbsp;&nbsp;&nbsp;&nbsp;&nbsp;&nbsp;&nbsp;&nbsp;&nbsp;&nbsp;&nbsp;&nbsp;&nbsp;&nbsp;&nbsp;&nbsp;&lt;td&nbsp;id=&quot;passts&quot;\r\n&nbsp;&nbsp;&nbsp;&nbsp;&nbsp;&nbsp;&nbsp;&nbsp;&nbsp;&nbsp;&nbsp;&nbsp;&nbsp;&nbsp;&nbsp;&nbsp;&nbsp;&nbsp;&nbsp;&nbsp;&nbsp;&nbsp;&nbsp;&nbsp;&nbsp;&nbsp;&nbsp;&nbsp;&nbsp;&nbsp;&nbsp;&nbsp;style=&quot;width:&nbsp;150px;text-align:&nbsp;left;font-size:&nbsp;12px;&quot;&gt;&lt;/td&gt;\r\n&nbsp;&nbsp;&nbsp;&nbsp;&nbsp;&nbsp;&nbsp;&nbsp;&nbsp;&nbsp;&nbsp;&nbsp;&nbsp;&nbsp;&nbsp;&nbsp;&nbsp;&nbsp;&nbsp;&nbsp;&nbsp;&nbsp;&nbsp;&nbsp;&lt;/tr&gt;\r\n&nbsp;&nbsp;&nbsp;&nbsp;&nbsp;&nbsp;&nbsp;&nbsp;&nbsp;&nbsp;&nbsp;&nbsp;&nbsp;&nbsp;&nbsp;&nbsp;&nbsp;&nbsp;&nbsp;&nbsp;&nbsp;&nbsp;&nbsp;&nbsp;&lt;tr&gt;\r\n&nbsp;&nbsp;&nbsp;&nbsp;&nbsp;&nbsp;&nbsp;&nbsp;&nbsp;&nbsp;&nbsp;&nbsp;&nbsp;&nbsp;&nbsp;&nbsp;&nbsp;&nbsp;&nbsp;&nbsp;&nbsp;&nbsp;&nbsp;&nbsp;&nbsp;&nbsp;&nbsp;&nbsp;&lt;td&nbsp;style=&quot;text-align:&nbsp;right;line-height:&nbsp;50px;&quot;&gt;确认密码&lt;font\r\n&nbsp;&nbsp;&nbsp;&nbsp;&nbsp;&nbsp;&nbsp;&nbsp;&nbsp;&nbsp;&nbsp;&nbsp;&nbsp;&nbsp;&nbsp;&nbsp;&nbsp;&nbsp;&nbsp;&nbsp;&nbsp;&nbsp;&nbsp;&nbsp;&nbsp;&nbsp;&nbsp;&nbsp;&nbsp;&nbsp;&nbsp;&nbsp;color=&quot;red&quot;&gt;*&lt;/font&gt;：\r\n&nbsp;&nbsp;&nbsp;&nbsp;&nbsp;&nbsp;&nbsp;&nbsp;&nbsp;&nbsp;&nbsp;&nbsp;&nbsp;&nbsp;&nbsp;&nbsp;&nbsp;&nbsp;&nbsp;&nbsp;&nbsp;&nbsp;&nbsp;&nbsp;&nbsp;&nbsp;&nbsp;&nbsp;&lt;/td&gt;\r\n&nbsp;&nbsp;&nbsp;&nbsp;&nbsp;&nbsp;&nbsp;&nbsp;&nbsp;&nbsp;&nbsp;&nbsp;&nbsp;&nbsp;&nbsp;&nbsp;&nbsp;&nbsp;&nbsp;&nbsp;&nbsp;&nbsp;&nbsp;&nbsp;&nbsp;&nbsp;&nbsp;&nbsp;&lt;td&gt;&lt;input&nbsp;type=&quot;password&quot;&nbsp;name=&quot;&quot;&nbsp;id=&quot;uRPass&quot;\r\n&nbsp;&nbsp;&nbsp;&nbsp;&nbsp;&nbsp;&nbsp;&nbsp;&nbsp;&nbsp;&nbsp;&nbsp;&nbsp;&nbsp;&nbsp;&nbsp;&nbsp;&nbsp;&nbsp;&nbsp;&nbsp;&nbsp;&nbsp;&nbsp;&nbsp;&nbsp;&nbsp;&nbsp;&nbsp;&nbsp;&nbsp;&nbsp;onblur=&quot;return&nbsp;checkrpass();&quot;\r\n&nbsp;&nbsp;&nbsp;&nbsp;&nbsp;&nbsp;&nbsp;&nbsp;&nbsp;&nbsp;&nbsp;&nbsp;&nbsp;&nbsp;&nbsp;&nbsp;&nbsp;&nbsp;&nbsp;&nbsp;&nbsp;&nbsp;&nbsp;&nbsp;&nbsp;&nbsp;&nbsp;&nbsp;&nbsp;&nbsp;&nbsp;&nbsp;style=&quot;width:&nbsp;220px;font-size:&nbsp;16px;&quot;&nbsp;/&gt;&lt;/td&gt;\r\n&nbsp;&nbsp;&nbsp;&nbsp;&nbsp;&nbsp;&nbsp;&nbsp;&nbsp;&nbsp;&nbsp;&nbsp;&nbsp;&nbsp;&nbsp;&nbsp;&nbsp;&nbsp;&nbsp;&nbsp;&nbsp;&nbsp;&nbsp;&nbsp;&nbsp;&nbsp;&nbsp;&nbsp;&lt;td&nbsp;id=&quot;passrts&quot;\r\n&nbsp;&nbsp;&nbsp;&nbsp;&nbsp;&nbsp;&nbsp;&nbsp;&nbsp;&nbsp;&nbsp;&nbsp;&nbsp;&nbsp;&nbsp;&nbsp;&nbsp;&nbsp;&nbsp;&nbsp;&nbsp;&nbsp;&nbsp;&nbsp;&nbsp;&nbsp;&nbsp;&nbsp;&nbsp;&nbsp;&nbsp;&nbsp;style=&quot;width:&nbsp;150px;text-align:&nbsp;left;font-size:&nbsp;12px;&quot;&gt;&lt;/td&gt;\r\n&nbsp;&nbsp;&nbsp;&nbsp;&nbsp;&nbsp;&nbsp;&nbsp;&nbsp;&nbsp;&nbsp;&nbsp;&nbsp;&nbsp;&nbsp;&nbsp;&nbsp;&nbsp;&nbsp;&nbsp;&nbsp;&nbsp;&nbsp;&nbsp;&lt;/tr&gt;\r\n&nbsp;&nbsp;&nbsp;&nbsp;&nbsp;&nbsp;&nbsp;&nbsp;&nbsp;&nbsp;&nbsp;&nbsp;&nbsp;&nbsp;&nbsp;&nbsp;&nbsp;&nbsp;&nbsp;&nbsp;&nbsp;&nbsp;&nbsp;&nbsp;&lt;tr&gt;\r\n&nbsp;&nbsp;&nbsp;&nbsp;&nbsp;&nbsp;&nbsp;&nbsp;&nbsp;&nbsp;&nbsp;&nbsp;&nbsp;&nbsp;&nbsp;&nbsp;&nbsp;&nbsp;&nbsp;&nbsp;&nbsp;&nbsp;&nbsp;&nbsp;&nbsp;&nbsp;&nbsp;&nbsp;&lt;td&nbsp;style=&quot;text-align:&nbsp;right;line-height:&nbsp;50px;&quot;&gt;邮&amp;nbsp;&amp;nbsp;&amp;nbsp;&amp;nbsp;箱&lt;font\r\n&nbsp;&nbsp;&nbsp;&nbsp;&nbsp;&nbsp;&nbsp;&nbsp;&nbsp;&nbsp;&nbsp;&nbsp;&nbsp;&nbsp;&nbsp;&nbsp;&nbsp;&nbsp;&nbsp;&nbsp;&nbsp;&nbsp;&nbsp;&nbsp;&nbsp;&nbsp;&nbsp;&nbsp;&nbsp;&nbsp;&nbsp;&nbsp;color=&quot;red&quot;&gt;*&lt;/font&gt;：\r\n&nbsp;&nbsp;&nbsp;&nbsp;&nbsp;&nbsp;&nbsp;&nbsp;&nbsp;&nbsp;&nbsp;&nbsp;&nbsp;&nbsp;&nbsp;&nbsp;&nbsp;&nbsp;&nbsp;&nbsp;&nbsp;&nbsp;&nbsp;&nbsp;&nbsp;&nbsp;&nbsp;&nbsp;&lt;/td&gt;\r\n&nbsp;&nbsp;&nbsp;&nbsp;&nbsp;&nbsp;&nbsp;&nbsp;&nbsp;&nbsp;&nbsp;&nbsp;&nbsp;&nbsp;&nbsp;&nbsp;&nbsp;&nbsp;&nbsp;&nbsp;&nbsp;&nbsp;&nbsp;&nbsp;&nbsp;&nbsp;&nbsp;&nbsp;&lt;td&gt;&lt;input&nbsp;type=&quot;text&quot;&nbsp;name=&quot;user.email&quot;&nbsp;id=&quot;uEmail&quot;\r\n&nbsp;&nbsp;&nbsp;&nbsp;&nbsp;&nbsp;&nbsp;&nbsp;&nbsp;&nbsp;&nbsp;&nbsp;&nbsp;&nbsp;&nbsp;&nbsp;&nbsp;&nbsp;&nbsp;&nbsp;&nbsp;&nbsp;&nbsp;&nbsp;&nbsp;&nbsp;&nbsp;&nbsp;&nbsp;&nbsp;&nbsp;&nbsp;onblur=&quot;return&nbsp;checkemail();&quot;\r\n&nbsp;&nbsp;&nbsp;&nbsp;&nbsp;&nbsp;&nbsp;&nbsp;&nbsp;&nbsp;&nbsp;&nbsp;&nbsp;&nbsp;&nbsp;&nbsp;&nbsp;&nbsp;&nbsp;&nbsp;&nbsp;&nbsp;&nbsp;&nbsp;&nbsp;&nbsp;&nbsp;&nbsp;&nbsp;&nbsp;&nbsp;&nbsp;style=&quot;width:&nbsp;220px;font-size:&nbsp;16px;&quot;&nbsp;/&gt;&lt;/td&gt;\r\n&nbsp;&nbsp;&nbsp;&nbsp;&nbsp;&nbsp;&nbsp;&nbsp;&nbsp;&nbsp;&nbsp;&nbsp;&nbsp;&nbsp;&nbsp;&nbsp;&nbsp;&nbsp;&nbsp;&nbsp;&nbsp;&nbsp;&nbsp;&nbsp;&nbsp;&nbsp;&nbsp;&nbsp;&lt;td&nbsp;id=&quot;emailts&quot;\r\n&nbsp;&nbsp;&nbsp;&nbsp;&nbsp;&nbsp;&nbsp;&nbsp;&nbsp;&nbsp;&nbsp;&nbsp;&nbsp;&nbsp;&nbsp;&nbsp;&nbsp;&nbsp;&nbsp;&nbsp;&nbsp;&nbsp;&nbsp;&nbsp;&nbsp;&nbsp;&nbsp;&nbsp;&nbsp;&nbsp;&nbsp;&nbsp;style=&quot;width:&nbsp;150px;text-align:&nbsp;left;font-size:&nbsp;12px;&quot;&gt;&lt;/td&gt;\r\n&nbsp;&nbsp;&nbsp;&nbsp;&nbsp;&nbsp;&nbsp;&nbsp;&nbsp;&nbsp;&nbsp;&nbsp;&nbsp;&nbsp;&nbsp;&nbsp;&nbsp;&nbsp;&nbsp;&nbsp;&nbsp;&nbsp;&nbsp;&nbsp;&lt;/tr&gt;\r\n&nbsp;&nbsp;&nbsp;&nbsp;&nbsp;&nbsp;&nbsp;&nbsp;&nbsp;&nbsp;&nbsp;&nbsp;&nbsp;&nbsp;&nbsp;&nbsp;&nbsp;&nbsp;&nbsp;&nbsp;&nbsp;&nbsp;&nbsp;&nbsp;&lt;tr&gt;\r\n&nbsp;&nbsp;&nbsp;&nbsp;&nbsp;&nbsp;&nbsp;&nbsp;&nbsp;&nbsp;&nbsp;&nbsp;&nbsp;&nbsp;&nbsp;&nbsp;&nbsp;&nbsp;&nbsp;&nbsp;&nbsp;&nbsp;&nbsp;&nbsp;&nbsp;&nbsp;&nbsp;&nbsp;&lt;td&gt;&lt;/td&gt;\r\n&nbsp;&nbsp;&nbsp;&nbsp;&nbsp;&nbsp;&nbsp;&nbsp;&nbsp;&nbsp;&nbsp;&nbsp;&nbsp;&nbsp;&nbsp;&nbsp;&nbsp;&nbsp;&nbsp;&nbsp;&nbsp;&nbsp;&nbsp;&nbsp;&nbsp;&nbsp;&nbsp;&nbsp;&lt;td&nbsp;style=&quot;text-align:&nbsp;center;line-height:&nbsp;55px;width:220px&quot;&gt;&lt;input\r\n&nbsp;&nbsp;&nbsp;&nbsp;&nbsp;&nbsp;&nbsp;&nbsp;&nbsp;&nbsp;&nbsp;&nbsp;&nbsp;&nbsp;&nbsp;&nbsp;&nbsp;&nbsp;&nbsp;&nbsp;&nbsp;&nbsp;&nbsp;&nbsp;&nbsp;&nbsp;&nbsp;&nbsp;&nbsp;&nbsp;&nbsp;&nbsp;type=&quot;submit&quot;&nbsp;value=&quot;注册&quot;\r\n&nbsp;&nbsp;&nbsp;&nbsp;&nbsp;&nbsp;&nbsp;&nbsp;&nbsp;&nbsp;&nbsp;&nbsp;&nbsp;&nbsp;&nbsp;&nbsp;&nbsp;&nbsp;&nbsp;&nbsp;&nbsp;&nbsp;&nbsp;&nbsp;&nbsp;&nbsp;&nbsp;&nbsp;&nbsp;&nbsp;&nbsp;&nbsp;style=&quot;width:&nbsp;60px;font-size:&nbsp;16px;&quot;&nbsp;/&gt;&amp;nbsp;&amp;nbsp;&amp;nbsp;&amp;nbsp;&amp;nbsp;&amp;nbsp;&amp;nbsp;&amp;nbsp;&amp;nbsp;&lt;input\r\n&nbsp;&nbsp;&nbsp;&nbsp;&nbsp;&nbsp;&nbsp;&nbsp;&nbsp;&nbsp;&nbsp;&nbsp;&nbsp;&nbsp;&nbsp;&nbsp;&nbsp;&nbsp;&nbsp;&nbsp;&nbsp;&nbsp;&nbsp;&nbsp;&nbsp;&nbsp;&nbsp;&nbsp;&nbsp;&nbsp;&nbsp;&nbsp;type=&quot;reset&quot;&nbsp;value=&quot;重置&quot;\r\n&nbsp;&nbsp;&nbsp;&nbsp;&nbsp;&nbsp;&nbsp;&nbsp;&nbsp;&nbsp;&nbsp;&nbsp;&nbsp;&nbsp;&nbsp;&nbsp;&nbsp;&nbsp;&nbsp;&nbsp;&nbsp;&nbsp;&nbsp;&nbsp;&nbsp;&nbsp;&nbsp;&nbsp;&nbsp;&nbsp;&nbsp;&nbsp;style=&quot;width:&nbsp;60px;font-size:&nbsp;16px;&quot;&nbsp;/&gt;&lt;/td&gt;\r\n&nbsp;&nbsp;&nbsp;&nbsp;&nbsp;&nbsp;&nbsp;&nbsp;&nbsp;&nbsp;&nbsp;&nbsp;&nbsp;&nbsp;&nbsp;&nbsp;&nbsp;&nbsp;&nbsp;&nbsp;&nbsp;&nbsp;&nbsp;&nbsp;&lt;/tr&gt;\r\n&nbsp;&nbsp;&nbsp;&nbsp;&nbsp;&nbsp;&nbsp;&nbsp;&nbsp;&nbsp;&nbsp;&nbsp;&nbsp;&nbsp;&nbsp;&nbsp;&nbsp;&nbsp;&nbsp;&nbsp;&lt;/table&gt;\r\n&nbsp;&nbsp;&nbsp;&nbsp;&nbsp;&nbsp;&nbsp;&nbsp;&nbsp;&nbsp;&nbsp;&nbsp;&nbsp;&nbsp;&nbsp;&nbsp;&lt;/form&gt;</pre><p><span style=\"color: rgb(0, 0, 0); font-family: Arial; font-size: 18px; font-style: normal; font-variant: normal; font-weight: normal; letter-spacing: normal; line-height: 26px; orphans: auto; text-align: left; text-indent: 0px; text-transform: none; white-space: normal; widows: auto; word-spacing: 0px; -webkit-text-stroke-width: 0px; background-color: rgb(255, 255, 255); display: inline !important; float: none;\">js验证代码：</span></p><pre class=\"brush:js;toolbar:false\">function&nbsp;register()&nbsp;{\r\n&nbsp;&nbsp;&nbsp;&nbsp;if(!checkname()){\r\n&nbsp;&nbsp;&nbsp;&nbsp;&nbsp;&nbsp;&nbsp;&nbsp;return&nbsp;false;\r\n&nbsp;&nbsp;&nbsp;&nbsp;}else&nbsp;if&nbsp;(!checkpass())&nbsp;{\r\n&nbsp;&nbsp;&nbsp;&nbsp;&nbsp;&nbsp;&nbsp;&nbsp;return&nbsp;false;\r\n&nbsp;&nbsp;&nbsp;&nbsp;}&nbsp;else&nbsp;if(!checkemail()){\r\n&nbsp;&nbsp;&nbsp;&nbsp;&nbsp;&nbsp;&nbsp;&nbsp;return&nbsp;false;\r\n&nbsp;&nbsp;&nbsp;&nbsp;}&nbsp;\r\n&nbsp;&nbsp;&nbsp;&nbsp;return&nbsp;true;\r\n}</pre><pre class=\"brush:js;toolbar:false\">function&nbsp;checkname()&nbsp;&nbsp;&nbsp;&nbsp;\r\n{\r\n&nbsp;&nbsp;&nbsp;&nbsp;var&nbsp;name&nbsp;=&nbsp;document.getElementById(&quot;uName&quot;).value;&nbsp;&nbsp;&nbsp;&nbsp;\r\n&nbsp;&nbsp;&nbsp;&nbsp;var&nbsp;ts&nbsp;=&nbsp;document.getElementById(&quot;namets&quot;);\r\n&nbsp;&nbsp;&nbsp;&nbsp;if(name.length&lt;3||&nbsp;name.length&gt;15)&nbsp;&nbsp;&nbsp;&nbsp;\r\n&nbsp;&nbsp;&nbsp;&nbsp;{&nbsp;&nbsp;&nbsp;&nbsp;\r\n&nbsp;&nbsp;&nbsp;&nbsp;&nbsp;&nbsp;&nbsp;&nbsp;ts.innerHTML&nbsp;=&quot;用户名长度须在3-15之间!&quot;;\r\n&nbsp;&nbsp;&nbsp;&nbsp;&nbsp;&nbsp;&nbsp;&nbsp;ts.style.color=&quot;red&quot;;\r\n&nbsp;&nbsp;&nbsp;&nbsp;&nbsp;&nbsp;&nbsp;&nbsp;return&nbsp;false;\r\n&nbsp;&nbsp;&nbsp;&nbsp;}\r\n&nbsp;&nbsp;&nbsp;&nbsp;$.post(&quot;checkUserName.action&quot;,&nbsp;{&quot;&nbsp;userName&quot;:&nbsp;name&nbsp;},function(data){\r\n&nbsp;&nbsp;&nbsp;&nbsp;&nbsp;&nbsp;&nbsp;&nbsp;var&nbsp;d&nbsp;=&nbsp;$.parseJSON(data);\r\n&nbsp;&nbsp;&nbsp;&nbsp;&nbsp;&nbsp;&nbsp;&nbsp;//console.log(d.success);\r\n&nbsp;&nbsp;&nbsp;&nbsp;&nbsp;&nbsp;&nbsp;&nbsp;if(d.success!=true){\r\n&nbsp;&nbsp;&nbsp;&nbsp;&nbsp;&nbsp;&nbsp;&nbsp;&nbsp;&nbsp;&nbsp;&nbsp;ts.innerHTML&nbsp;=&#39;用户名已存在!&#39;;\r\n&nbsp;&nbsp;&nbsp;&nbsp;&nbsp;&nbsp;&nbsp;&nbsp;&nbsp;&nbsp;&nbsp;&nbsp;ts.style.color=&#39;red&#39;;\r\n&nbsp;&nbsp;&nbsp;&nbsp;&nbsp;&nbsp;&nbsp;&nbsp;&nbsp;&nbsp;&nbsp;&nbsp;&nbsp;return&nbsp;true;\r\n&nbsp;&nbsp;&nbsp;&nbsp;&nbsp;&nbsp;&nbsp;&nbsp;}\r\n&nbsp;&nbsp;&nbsp;&nbsp;});\r\n&nbsp;&nbsp;&nbsp;&nbsp;ts.innerHTML&nbsp;=&#39;用户名可以使用！&#39;;\r\n&nbsp;&nbsp;&nbsp;&nbsp;ts.style.color=&#39;green&#39;;\r\n&nbsp;&nbsp;&nbsp;&nbsp;return&nbsp;true;\r\n}\r\nfunction&nbsp;checkpass(){\r\n&nbsp;&nbsp;&nbsp;&nbsp;var&nbsp;userPass&nbsp;=&nbsp;$(&quot;#uPass&quot;).val();\r\n&nbsp;&nbsp;&nbsp;&nbsp;\r\n&nbsp;&nbsp;&nbsp;&nbsp;var&nbsp;pts&nbsp;=&nbsp;document.getElementById(&quot;passts&quot;);\r\n&nbsp;&nbsp;&nbsp;&nbsp;\r\n&nbsp;&nbsp;&nbsp;&nbsp;if(userPass.length&lt;6&nbsp;||&nbsp;userPass.length&nbsp;&gt;15)&nbsp;&nbsp;&nbsp;&nbsp;\r\n&nbsp;&nbsp;&nbsp;&nbsp;{&nbsp;&nbsp;&nbsp;&nbsp;\r\n&nbsp;&nbsp;&nbsp;&nbsp;&nbsp;&nbsp;&nbsp;&nbsp;pts.innerHTML&nbsp;=&quot;密码长度须在6-15之间!&quot;;\r\n&nbsp;&nbsp;&nbsp;&nbsp;&nbsp;&nbsp;&nbsp;&nbsp;pts.style.color=&quot;red&quot;;\r\n&nbsp;&nbsp;&nbsp;&nbsp;&nbsp;&nbsp;&nbsp;&nbsp;return&nbsp;false;\r\n&nbsp;&nbsp;&nbsp;&nbsp;}\r\n&nbsp;&nbsp;&nbsp;&nbsp;pts.innerHTML&nbsp;=&quot;密码可以使用!&quot;;\r\n&nbsp;&nbsp;&nbsp;&nbsp;pts.style.color=&quot;green&quot;;\r\n&nbsp;&nbsp;&nbsp;&nbsp;return&nbsp;true;\r\n}\r\nfunction&nbsp;checkrpass(){\r\n&nbsp;&nbsp;&nbsp;&nbsp;var&nbsp;userPass&nbsp;=&nbsp;$(&quot;#uPass&quot;).val();\r\n&nbsp;&nbsp;&nbsp;&nbsp;var&nbsp;userRPass&nbsp;=&nbsp;$(&quot;#uRPass&quot;).val();\r\n&nbsp;&nbsp;&nbsp;&nbsp;var&nbsp;prts&nbsp;=&nbsp;&nbsp;document.getElementById(&quot;passrts&quot;);\r\n&nbsp;&nbsp;&nbsp;&nbsp;if&nbsp;(userPass&nbsp;!=&nbsp;userRPass)&nbsp;{\r\n&nbsp;&nbsp;&nbsp;&nbsp;&nbsp;&nbsp;&nbsp;&nbsp;prts.innerHTML=&quot;两次密码输入不一致!&quot;;\r\n&nbsp;&nbsp;&nbsp;&nbsp;&nbsp;&nbsp;&nbsp;&nbsp;prts.style.color=&quot;red&quot;;\r\n&nbsp;&nbsp;&nbsp;&nbsp;&nbsp;&nbsp;&nbsp;&nbsp;return&nbsp;false;\r\n&nbsp;&nbsp;&nbsp;&nbsp;}\r\n&nbsp;&nbsp;&nbsp;&nbsp;prts.innerHTML&nbsp;=&quot;输入一致!&quot;;\r\n&nbsp;&nbsp;&nbsp;&nbsp;prts.style.color=&quot;green&quot;;\r\n&nbsp;&nbsp;&nbsp;&nbsp;return&nbsp;true;\r\n}\r\nfunction&nbsp;checkemail(){\r\n&nbsp;&nbsp;&nbsp;&nbsp;var&nbsp;userEmail&nbsp;=&nbsp;$(&quot;#uEmail&quot;).val();\r\n&nbsp;&nbsp;&nbsp;&nbsp;var&nbsp;ets&nbsp;=&nbsp;document.getElementById(&quot;emailts&quot;);\r\n&nbsp;&nbsp;&nbsp;&nbsp;if(!isEmail(userEmail)){\r\n&nbsp;&nbsp;&nbsp;&nbsp;&nbsp;&nbsp;&nbsp;&nbsp;ets.innerHTML&nbsp;=&quot;邮箱格式不正确!&quot;;\r\n&nbsp;&nbsp;&nbsp;&nbsp;&nbsp;&nbsp;&nbsp;&nbsp;ets.style.color=&quot;red&quot;;\r\n&nbsp;&nbsp;&nbsp;&nbsp;&nbsp;&nbsp;&nbsp;&nbsp;return&nbsp;false;\r\n&nbsp;&nbsp;&nbsp;&nbsp;}&nbsp;\r\n&nbsp;&nbsp;&nbsp;&nbsp;ets.innerHTML&nbsp;=&quot;邮箱可以使用!&quot;;\r\n&nbsp;&nbsp;&nbsp;&nbsp;ets.style.color=&quot;green&quot;;\r\n&nbsp;&nbsp;&nbsp;&nbsp;return&nbsp;true;\r\n}\r\nfunction&nbsp;isEmail(str){\r\n&nbsp;&nbsp;&nbsp;&nbsp;var&nbsp;reg&nbsp;=&nbsp;/[a-z0-9-]{1,30}@[a-z0-9-]{1,65}.[a-z]{3}/;\r\n&nbsp;&nbsp;&nbsp;&nbsp;return&nbsp;reg.test(str);\r\n}</pre><p><br/></p>',4,1,'2019-04-22 17:58:08',1,7,1,10),(3,'http状态码大全','<p><span style=\"color: rgb(0, 0, 0); font-family: Arial; font-size: 18px; font-style: normal; font-variant: normal; font-weight: normal; letter-spacing: normal; line-height: 26px; orphans: auto; text-align: left; text-indent: 0px; text-transform: none; white-space: normal; widows: auto; word-spacing: 0px; -webkit-text-stroke-width: 0px; background-color: rgb(255, 255, 255); display: inline !important; float: none;\">下表显示了常见的HTTP&nbsp;1.1状态代码以及它们对应的状态信息和含义。&nbsp;</span><br style=\"color: rgb(0, 0, 0); font-family: Arial; font-size: 18px; font-style: normal; font-variant: normal; font-weight: normal; letter-spacing: normal; line-height: 26px; orphans: auto; text-align: left; text-indent: 0px; text-transform: none; white-space: normal; widows: auto; word-spacing: 0px; -webkit-text-stroke-width: 0px; background-color: rgb(255, 255, 255);\"/><span style=\"color: rgb(0, 0, 0); font-family: Arial; font-size: 18px; font-style: normal; font-variant: normal; font-weight: normal; letter-spacing: normal; line-height: 26px; orphans: auto; text-align: left; text-indent: 0px; text-transform: none; white-space: normal; widows: auto; word-spacing: 0px; -webkit-text-stroke-width: 0px; background-color: rgb(255, 255, 255); display: inline !important; float: none;\">　　&nbsp;应当谨慎地使用那些只有HTTP&nbsp;1.1支持的状态代码，因为许多浏览器还只能够支持HTTP&nbsp;1.0。如果你使用了HTTP&nbsp;1.1特有的状态代码，最好能够检查一下请求的HTTP版本号。&nbsp;状态代码&nbsp;&nbsp;状态信息&nbsp;&nbsp;含义&nbsp;&nbsp;</span><br style=\"color: rgb(0, 0, 0); font-family: Arial; font-size: 18px; font-style: normal; font-variant: normal; font-weight: normal; letter-spacing: normal; line-height: 26px; orphans: auto; text-align: left; text-indent: 0px; text-transform: none; white-space: normal; widows: auto; word-spacing: 0px; -webkit-text-stroke-width: 0px; background-color: rgb(255, 255, 255);\"/><span style=\"color: rgb(0, 0, 0); font-family: Arial; font-size: 18px; font-style: normal; font-variant: normal; font-weight: normal; letter-spacing: normal; line-height: 26px; orphans: auto; text-align: left; text-indent: 0px; text-transform: none; white-space: normal; widows: auto; word-spacing: 0px; -webkit-text-stroke-width: 0px; background-color: rgb(255, 255, 255); display: inline !important; float: none;\">100&nbsp;&nbsp;Continue&nbsp;&nbsp;初始的请求已经接受，客户应当继续发送请求的其余部分。（HTTP&nbsp;1.1新）&nbsp;&nbsp;</span><br style=\"color: rgb(0, 0, 0); font-family: Arial; font-size: 18px; font-style: normal; font-variant: normal; font-weight: normal; letter-spacing: normal; line-height: 26px; orphans: auto; text-align: left; text-indent: 0px; text-transform: none; white-space: normal; widows: auto; word-spacing: 0px; -webkit-text-stroke-width: 0px; background-color: rgb(255, 255, 255);\"/><span style=\"color: rgb(0, 0, 0); font-family: Arial; font-size: 18px; font-style: normal; font-variant: normal; font-weight: normal; letter-spacing: normal; line-height: 26px; orphans: auto; text-align: left; text-indent: 0px; text-transform: none; white-space: normal; widows: auto; word-spacing: 0px; -webkit-text-stroke-width: 0px; background-color: rgb(255, 255, 255); display: inline !important; float: none;\">101&nbsp;&nbsp;Switching&nbsp;Protocols&nbsp;&nbsp;服务器将遵从客户的请求转换到另外一种协议（HTTP&nbsp;1.1新）&nbsp;&nbsp;</span><br style=\"color: rgb(0, 0, 0); font-family: Arial; font-size: 18px; font-style: normal; font-variant: normal; font-weight: normal; letter-spacing: normal; line-height: 26px; orphans: auto; text-align: left; text-indent: 0px; text-transform: none; white-space: normal; widows: auto; word-spacing: 0px; -webkit-text-stroke-width: 0px; background-color: rgb(255, 255, 255);\"/><span style=\"color: rgb(0, 0, 0); font-family: Arial; font-size: 18px; font-style: normal; font-variant: normal; font-weight: normal; letter-spacing: normal; line-height: 26px; orphans: auto; text-align: left; text-indent: 0px; text-transform: none; white-space: normal; widows: auto; word-spacing: 0px; -webkit-text-stroke-width: 0px; background-color: rgb(255, 255, 255); display: inline !important; float: none;\">200&nbsp;&nbsp;OK&nbsp;&nbsp;一切正常，对GET和POST请求的应答文档跟在后面。&nbsp;</span><br style=\"color: rgb(0, 0, 0); font-family: Arial; font-size: 18px; font-style: normal; font-variant: normal; font-weight: normal; letter-spacing: normal; line-height: 26px; orphans: auto; text-align: left; text-indent: 0px; text-transform: none; white-space: normal; widows: auto; word-spacing: 0px; -webkit-text-stroke-width: 0px; background-color: rgb(255, 255, 255);\"/><span style=\"color: rgb(0, 0, 0); font-family: Arial; font-size: 18px; font-style: normal; font-variant: normal; font-weight: normal; letter-spacing: normal; line-height: 26px; orphans: auto; text-align: left; text-indent: 0px; text-transform: none; white-space: normal; widows: auto; word-spacing: 0px; -webkit-text-stroke-width: 0px; background-color: rgb(255, 255, 255); display: inline !important; float: none;\">201&nbsp;&nbsp;Created&nbsp;&nbsp;服务器已经创建了文档，Location头给出了它的URL。&nbsp;&nbsp;</span><br style=\"color: rgb(0, 0, 0); font-family: Arial; font-size: 18px; font-style: normal; font-variant: normal; font-weight: normal; letter-spacing: normal; line-height: 26px; orphans: auto; text-align: left; text-indent: 0px; text-transform: none; white-space: normal; widows: auto; word-spacing: 0px; -webkit-text-stroke-width: 0px; background-color: rgb(255, 255, 255);\"/><span style=\"color: rgb(0, 0, 0); font-family: Arial; font-size: 18px; font-style: normal; font-variant: normal; font-weight: normal; letter-spacing: normal; line-height: 26px; orphans: auto; text-align: left; text-indent: 0px; text-transform: none; white-space: normal; widows: auto; word-spacing: 0px; -webkit-text-stroke-width: 0px; background-color: rgb(255, 255, 255); display: inline !important; float: none;\">202&nbsp;&nbsp;Accepted&nbsp;&nbsp;已经接受请求，但处理尚未完成。&nbsp;&nbsp;</span><br style=\"color: rgb(0, 0, 0); font-family: Arial; font-size: 18px; font-style: normal; font-variant: normal; font-weight: normal; letter-spacing: normal; line-height: 26px; orphans: auto; text-align: left; text-indent: 0px; text-transform: none; white-space: normal; widows: auto; word-spacing: 0px; -webkit-text-stroke-width: 0px; background-color: rgb(255, 255, 255);\"/><span style=\"color: rgb(0, 0, 0); font-family: Arial; font-size: 18px; font-style: normal; font-variant: normal; font-weight: normal; letter-spacing: normal; line-height: 26px; orphans: auto; text-align: left; text-indent: 0px; text-transform: none; white-space: normal; widows: auto; word-spacing: 0px; -webkit-text-stroke-width: 0px; background-color: rgb(255, 255, 255); display: inline !important; float: none;\">203&nbsp;&nbsp;Non-Authoritative&nbsp;Information&nbsp;&nbsp;文档已经正常地返回，但一些应答头可能不正确，因为使用的是文档的拷贝（HTTP&nbsp;1.1新）。&nbsp;&nbsp;</span><br style=\"color: rgb(0, 0, 0); font-family: Arial; font-size: 18px; font-style: normal; font-variant: normal; font-weight: normal; letter-spacing: normal; line-height: 26px; orphans: auto; text-align: left; text-indent: 0px; text-transform: none; white-space: normal; widows: auto; word-spacing: 0px; -webkit-text-stroke-width: 0px; background-color: rgb(255, 255, 255);\"/><span style=\"color: rgb(0, 0, 0); font-family: Arial; font-size: 18px; font-style: normal; font-variant: normal; font-weight: normal; letter-spacing: normal; line-height: 26px; orphans: auto; text-align: left; text-indent: 0px; text-transform: none; white-space: normal; widows: auto; word-spacing: 0px; -webkit-text-stroke-width: 0px; background-color: rgb(255, 255, 255); display: inline !important; float: none;\">204&nbsp;&nbsp;No&nbsp;Content&nbsp;&nbsp;没有新文档，浏览器应该继续显示原来的文档。如果用户定期地刷新页面，而Servlet可以确定用户文档足够新，这个状态代码是很有用的。&nbsp;&nbsp;</span><br style=\"color: rgb(0, 0, 0); font-family: Arial; font-size: 18px; font-style: normal; font-variant: normal; font-weight: normal; letter-spacing: normal; line-height: 26px; orphans: auto; text-align: left; text-indent: 0px; text-transform: none; white-space: normal; widows: auto; word-spacing: 0px; -webkit-text-stroke-width: 0px; background-color: rgb(255, 255, 255);\"/><span style=\"color: rgb(0, 0, 0); font-family: Arial; font-size: 18px; font-style: normal; font-variant: normal; font-weight: normal; letter-spacing: normal; line-height: 26px; orphans: auto; text-align: left; text-indent: 0px; text-transform: none; white-space: normal; widows: auto; word-spacing: 0px; -webkit-text-stroke-width: 0px; background-color: rgb(255, 255, 255); display: inline !important; float: none;\">205&nbsp;&nbsp;Reset&nbsp;Content&nbsp;&nbsp;没有新的内容，但浏览器应该重置它所显示的内容。用来强制浏览器清除表单输入内容（HTTP&nbsp;1.1新）。&nbsp;&nbsp;</span><br style=\"color: rgb(0, 0, 0); font-family: Arial; font-size: 18px; font-style: normal; font-variant: normal; font-weight: normal; letter-spacing: normal; line-height: 26px; orphans: auto; text-align: left; text-indent: 0px; text-transform: none; white-space: normal; widows: auto; word-spacing: 0px; -webkit-text-stroke-width: 0px; background-color: rgb(255, 255, 255);\"/><span style=\"color: rgb(0, 0, 0); font-family: Arial; font-size: 18px; font-style: normal; font-variant: normal; font-weight: normal; letter-spacing: normal; line-height: 26px; orphans: auto; text-align: left; text-indent: 0px; text-transform: none; white-space: normal; widows: auto; word-spacing: 0px; -webkit-text-stroke-width: 0px; background-color: rgb(255, 255, 255); display: inline !important; float: none;\">206&nbsp;&nbsp;Partial&nbsp;Content&nbsp;&nbsp;客户发送了一个带有Range头的GET请求，服务器完成了它（HTTP&nbsp;1.1新）。&nbsp;&nbsp;</span><br style=\"color: rgb(0, 0, 0); font-family: Arial; font-size: 18px; font-style: normal; font-variant: normal; font-weight: normal; letter-spacing: normal; line-height: 26px; orphans: auto; text-align: left; text-indent: 0px; text-transform: none; white-space: normal; widows: auto; word-spacing: 0px; -webkit-text-stroke-width: 0px; background-color: rgb(255, 255, 255);\"/><span style=\"color: rgb(0, 0, 0); font-family: Arial; font-size: 18px; font-style: normal; font-variant: normal; font-weight: normal; letter-spacing: normal; line-height: 26px; orphans: auto; text-align: left; text-indent: 0px; text-transform: none; white-space: normal; widows: auto; word-spacing: 0px; -webkit-text-stroke-width: 0px; background-color: rgb(255, 255, 255); display: inline !important; float: none;\">300&nbsp;&nbsp;Multiple&nbsp;Choices&nbsp;&nbsp;客户请求的文档可以在多个位置找到，这些位置已经在返回的文档内列出。如果服务器要提出优先选择，则应该在Location应答头指明。&nbsp;&nbsp;</span><br style=\"color: rgb(0, 0, 0); font-family: Arial; font-size: 18px; font-style: normal; font-variant: normal; font-weight: normal; letter-spacing: normal; line-height: 26px; orphans: auto; text-align: left; text-indent: 0px; text-transform: none; white-space: normal; widows: auto; word-spacing: 0px; -webkit-text-stroke-width: 0px; background-color: rgb(255, 255, 255);\"/><span style=\"color: rgb(0, 0, 0); font-family: Arial; font-size: 18px; font-style: normal; font-variant: normal; font-weight: normal; letter-spacing: normal; line-height: 26px; orphans: auto; text-align: left; text-indent: 0px; text-transform: none; white-space: normal; widows: auto; word-spacing: 0px; -webkit-text-stroke-width: 0px; background-color: rgb(255, 255, 255); display: inline !important; float: none;\">301&nbsp;&nbsp;Moved&nbsp;Permanently&nbsp;&nbsp;客户请求的文档在其他地方，新的URL在Location头中给出，浏览器应该自动地访问新的URL。&nbsp;&nbsp;</span><br style=\"color: rgb(0, 0, 0); font-family: Arial; font-size: 18px; font-style: normal; font-variant: normal; font-weight: normal; letter-spacing: normal; line-height: 26px; orphans: auto; text-align: left; text-indent: 0px; text-transform: none; white-space: normal; widows: auto; word-spacing: 0px; -webkit-text-stroke-width: 0px; background-color: rgb(255, 255, 255);\"/><span style=\"color: rgb(0, 0, 0); font-family: Arial; font-size: 18px; font-style: normal; font-variant: normal; font-weight: normal; letter-spacing: normal; line-height: 26px; orphans: auto; text-align: left; text-indent: 0px; text-transform: none; white-space: normal; widows: auto; word-spacing: 0px; -webkit-text-stroke-width: 0px; background-color: rgb(255, 255, 255); display: inline !important; float: none;\">302&nbsp;&nbsp;Found&nbsp;&nbsp;类似于301，但新的URL应该被视为临时性的替代，而不是永久性的。注意，在HTTP1.0中对应的状态信息是“Moved&nbsp;Temporatily”。&nbsp;</span><br style=\"color: rgb(0, 0, 0); font-family: Arial; font-size: 18px; font-style: normal; font-variant: normal; font-weight: normal; letter-spacing: normal; line-height: 26px; orphans: auto; text-align: left; text-indent: 0px; text-transform: none; white-space: normal; widows: auto; word-spacing: 0px; -webkit-text-stroke-width: 0px; background-color: rgb(255, 255, 255);\"/><span style=\"color: rgb(0, 0, 0); font-family: Arial; font-size: 18px; font-style: normal; font-variant: normal; font-weight: normal; letter-spacing: normal; line-height: 26px; orphans: auto; text-align: left; text-indent: 0px; text-transform: none; white-space: normal; widows: auto; word-spacing: 0px; -webkit-text-stroke-width: 0px; background-color: rgb(255, 255, 255); display: inline !important; float: none;\">出现该状态代码时，浏览器能够自动访问新的URL，因此它是一个很有用的状态代码。&nbsp;</span><br style=\"color: rgb(0, 0, 0); font-family: Arial; font-size: 18px; font-style: normal; font-variant: normal; font-weight: normal; letter-spacing: normal; line-height: 26px; orphans: auto; text-align: left; text-indent: 0px; text-transform: none; white-space: normal; widows: auto; word-spacing: 0px; -webkit-text-stroke-width: 0px; background-color: rgb(255, 255, 255);\"/><br style=\"color: rgb(0, 0, 0); font-family: Arial; font-size: 18px; font-style: normal; font-variant: normal; font-weight: normal; letter-spacing: normal; line-height: 26px; orphans: auto; text-align: left; text-indent: 0px; text-transform: none; white-space: normal; widows: auto; word-spacing: 0px; -webkit-text-stroke-width: 0px; background-color: rgb(255, 255, 255);\"/><span style=\"color: rgb(0, 0, 0); font-family: Arial; font-size: 18px; font-style: normal; font-variant: normal; font-weight: normal; letter-spacing: normal; line-height: 26px; orphans: auto; text-align: left; text-indent: 0px; text-transform: none; white-space: normal; widows: auto; word-spacing: 0px; -webkit-text-stroke-width: 0px; background-color: rgb(255, 255, 255); display: inline !important; float: none;\">注意这个状态代码有时候可以和301替换使用。例如，如果浏览器错误地请求http://host/~user（缺少了后面的斜杠），有的服务器返回301，有的则返回302。&nbsp;</span><br style=\"color: rgb(0, 0, 0); font-family: Arial; font-size: 18px; font-style: normal; font-variant: normal; font-weight: normal; letter-spacing: normal; line-height: 26px; orphans: auto; text-align: left; text-indent: 0px; text-transform: none; white-space: normal; widows: auto; word-spacing: 0px; -webkit-text-stroke-width: 0px; background-color: rgb(255, 255, 255);\"/><br style=\"color: rgb(0, 0, 0); font-family: Arial; font-size: 18px; font-style: normal; font-variant: normal; font-weight: normal; letter-spacing: normal; line-height: 26px; orphans: auto; text-align: left; text-indent: 0px; text-transform: none; white-space: normal; widows: auto; word-spacing: 0px; -webkit-text-stroke-width: 0px; background-color: rgb(255, 255, 255);\"/><span style=\"color: rgb(0, 0, 0); font-family: Arial; font-size: 18px; font-style: normal; font-variant: normal; font-weight: normal; letter-spacing: normal; line-height: 26px; orphans: auto; text-align: left; text-indent: 0px; text-transform: none; white-space: normal; widows: auto; word-spacing: 0px; -webkit-text-stroke-width: 0px; background-color: rgb(255, 255, 255); display: inline !important; float: none;\">严格地说，我们只能假定只有当原来的请求是GET时浏览器才会自动重定向。请参见307。&nbsp;</span><br style=\"color: rgb(0, 0, 0); font-family: Arial; font-size: 18px; font-style: normal; font-variant: normal; font-weight: normal; letter-spacing: normal; line-height: 26px; orphans: auto; text-align: left; text-indent: 0px; text-transform: none; white-space: normal; widows: auto; word-spacing: 0px; -webkit-text-stroke-width: 0px; background-color: rgb(255, 255, 255);\"/><span style=\"color: rgb(0, 0, 0); font-family: Arial; font-size: 18px; font-style: normal; font-variant: normal; font-weight: normal; letter-spacing: normal; line-height: 26px; orphans: auto; text-align: left; text-indent: 0px; text-transform: none; white-space: normal; widows: auto; word-spacing: 0px; -webkit-text-stroke-width: 0px; background-color: rgb(255, 255, 255); display: inline !important; float: none;\">&nbsp;</span><br style=\"color: rgb(0, 0, 0); font-family: Arial; font-size: 18px; font-style: normal; font-variant: normal; font-weight: normal; letter-spacing: normal; line-height: 26px; orphans: auto; text-align: left; text-indent: 0px; text-transform: none; white-space: normal; widows: auto; word-spacing: 0px; -webkit-text-stroke-width: 0px; background-color: rgb(255, 255, 255);\"/><span style=\"color: rgb(0, 0, 0); font-family: Arial; font-size: 18px; font-style: normal; font-variant: normal; font-weight: normal; letter-spacing: normal; line-height: 26px; orphans: auto; text-align: left; text-indent: 0px; text-transform: none; white-space: normal; widows: auto; word-spacing: 0px; -webkit-text-stroke-width: 0px; background-color: rgb(255, 255, 255); display: inline !important; float: none;\">303&nbsp;&nbsp;See&nbsp;Other&nbsp;&nbsp;类似于301/302，不同之处在于，如果原来的请求是POST，Location头指定的重定向目标文档应该通过GET提取（HTTP&nbsp;1.1新）。&nbsp;&nbsp;</span><br style=\"color: rgb(0, 0, 0); font-family: Arial; font-size: 18px; font-style: normal; font-variant: normal; font-weight: normal; letter-spacing: normal; line-height: 26px; orphans: auto; text-align: left; text-indent: 0px; text-transform: none; white-space: normal; widows: auto; word-spacing: 0px; -webkit-text-stroke-width: 0px; background-color: rgb(255, 255, 255);\"/><span style=\"color: rgb(0, 0, 0); font-family: Arial; font-size: 18px; font-style: normal; font-variant: normal; font-weight: normal; letter-spacing: normal; line-height: 26px; orphans: auto; text-align: left; text-indent: 0px; text-transform: none; white-space: normal; widows: auto; word-spacing: 0px; -webkit-text-stroke-width: 0px; background-color: rgb(255, 255, 255); display: inline !important; float: none;\">304&nbsp;&nbsp;Not&nbsp;Modified&nbsp;&nbsp;客户端有缓冲的文档并发出了一个条件性的请求（一般是提供If-Modified-Since头表示客户只想比指定日期更新的文档）。服务器告诉客户，原来缓冲的文档还可以继续使用。&nbsp;&nbsp;</span><br style=\"color: rgb(0, 0, 0); font-family: Arial; font-size: 18px; font-style: normal; font-variant: normal; font-weight: normal; letter-spacing: normal; line-height: 26px; orphans: auto; text-align: left; text-indent: 0px; text-transform: none; white-space: normal; widows: auto; word-spacing: 0px; -webkit-text-stroke-width: 0px; background-color: rgb(255, 255, 255);\"/><span style=\"color: rgb(0, 0, 0); font-family: Arial; font-size: 18px; font-style: normal; font-variant: normal; font-weight: normal; letter-spacing: normal; line-height: 26px; orphans: auto; text-align: left; text-indent: 0px; text-transform: none; white-space: normal; widows: auto; word-spacing: 0px; -webkit-text-stroke-width: 0px; background-color: rgb(255, 255, 255); display: inline !important; float: none;\">305&nbsp;&nbsp;Use&nbsp;Proxy&nbsp;&nbsp;客户请求的文档应该通过Location头所指明的代理服务器提取（HTTP&nbsp;1.1新）。&nbsp;&nbsp;</span><br style=\"color: rgb(0, 0, 0); font-family: Arial; font-size: 18px; font-style: normal; font-variant: normal; font-weight: normal; letter-spacing: normal; line-height: 26px; orphans: auto; text-align: left; text-indent: 0px; text-transform: none; white-space: normal; widows: auto; word-spacing: 0px; -webkit-text-stroke-width: 0px; background-color: rgb(255, 255, 255);\"/><span style=\"color: rgb(0, 0, 0); font-family: Arial; font-size: 18px; font-style: normal; font-variant: normal; font-weight: normal; letter-spacing: normal; line-height: 26px; orphans: auto; text-align: left; text-indent: 0px; text-transform: none; white-space: normal; widows: auto; word-spacing: 0px; -webkit-text-stroke-width: 0px; background-color: rgb(255, 255, 255); display: inline !important; float: none;\">307&nbsp;&nbsp;Temporary&nbsp;Redirect&nbsp;&nbsp;和302（Found）相同。许多浏览器会错误地响应302应答进行重定向，即使原来的请求是 POST，即使它实际上只能在POST请求的应答是303时才能重定向。由于这个原因，HTTP&nbsp;1.1新增了307，以便更加清除地区分几个状态代码： 当出现303应答时，浏览器可以跟随重定向的GET和POST请求；如果是307应答，则浏览器只能跟随对GET请求的重定向。（HTTP&nbsp;1.1 新）&nbsp;&nbsp;</span><br style=\"color: rgb(0, 0, 0); font-family: Arial; font-size: 18px; font-style: normal; font-variant: normal; font-weight: normal; letter-spacing: normal; line-height: 26px; orphans: auto; text-align: left; text-indent: 0px; text-transform: none; white-space: normal; widows: auto; word-spacing: 0px; -webkit-text-stroke-width: 0px; background-color: rgb(255, 255, 255);\"/><span style=\"color: rgb(0, 0, 0); font-family: Arial; font-size: 18px; font-style: normal; font-variant: normal; font-weight: normal; letter-spacing: normal; line-height: 26px; orphans: auto; text-align: left; text-indent: 0px; text-transform: none; white-space: normal; widows: auto; word-spacing: 0px; -webkit-text-stroke-width: 0px; background-color: rgb(255, 255, 255); display: inline !important; float: none;\">400&nbsp;&nbsp;Bad&nbsp;Request&nbsp;&nbsp;请求出现语法错误。&nbsp;&nbsp;</span><br style=\"color: rgb(0, 0, 0); font-family: Arial; font-size: 18px; font-style: normal; font-variant: normal; font-weight: normal; letter-spacing: normal; line-height: 26px; orphans: auto; text-align: left; text-indent: 0px; text-transform: none; white-space: normal; widows: auto; word-spacing: 0px; -webkit-text-stroke-width: 0px; background-color: rgb(255, 255, 255);\"/><span style=\"color: rgb(0, 0, 0); font-family: Arial; font-size: 18px; font-style: normal; font-variant: normal; font-weight: normal; letter-spacing: normal; line-height: 26px; orphans: auto; text-align: left; text-indent: 0px; text-transform: none; white-space: normal; widows: auto; word-spacing: 0px; -webkit-text-stroke-width: 0px; background-color: rgb(255, 255, 255); display: inline !important; float: none;\">401&nbsp;&nbsp;Unauthorized&nbsp;&nbsp;客户试图未经授权访问受密码保护的页面。应答中会包含一个WWW-Authenticate头，浏览器据此显示用户名字/密码对话框，然后在填写合适的Authorization头后再次发出请求。&nbsp;&nbsp;</span><br style=\"color: rgb(0, 0, 0); font-family: Arial; font-size: 18px; font-style: normal; font-variant: normal; font-weight: normal; letter-spacing: normal; line-height: 26px; orphans: auto; text-align: left; text-indent: 0px; text-transform: none; white-space: normal; widows: auto; word-spacing: 0px; -webkit-text-stroke-width: 0px; background-color: rgb(255, 255, 255);\"/><span style=\"color: rgb(0, 0, 0); font-family: Arial; font-size: 18px; font-style: normal; font-variant: normal; font-weight: normal; letter-spacing: normal; line-height: 26px; orphans: auto; text-align: left; text-indent: 0px; text-transform: none; white-space: normal; widows: auto; word-spacing: 0px; -webkit-text-stroke-width: 0px; background-color: rgb(255, 255, 255); display: inline !important; float: none;\">403&nbsp;&nbsp;Forbidden&nbsp;&nbsp;资源不可用。服务器理解客户的请求，但拒绝处理它。通常由于服务器上文件或目录的权限设置导致。&nbsp;&nbsp;</span><br style=\"color: rgb(0, 0, 0); font-family: Arial; font-size: 18px; font-style: normal; font-variant: normal; font-weight: normal; letter-spacing: normal; line-height: 26px; orphans: auto; text-align: left; text-indent: 0px; text-transform: none; white-space: normal; widows: auto; word-spacing: 0px; -webkit-text-stroke-width: 0px; background-color: rgb(255, 255, 255);\"/><span style=\"color: rgb(0, 0, 0); font-family: Arial; font-size: 18px; font-style: normal; font-variant: normal; font-weight: normal; letter-spacing: normal; line-height: 26px; orphans: auto; text-align: left; text-indent: 0px; text-transform: none; white-space: normal; widows: auto; word-spacing: 0px; -webkit-text-stroke-width: 0px; background-color: rgb(255, 255, 255); display: inline !important; float: none;\">404&nbsp;&nbsp;Not&nbsp;Found&nbsp;&nbsp;无法找到指定位置的资源。这也是一个常用的应答。&nbsp;&nbsp;</span><br style=\"color: rgb(0, 0, 0); font-family: Arial; font-size: 18px; font-style: normal; font-variant: normal; font-weight: normal; letter-spacing: normal; line-height: 26px; orphans: auto; text-align: left; text-indent: 0px; text-transform: none; white-space: normal; widows: auto; word-spacing: 0px; -webkit-text-stroke-width: 0px; background-color: rgb(255, 255, 255);\"/><span style=\"color: rgb(0, 0, 0); font-family: Arial; font-size: 18px; font-style: normal; font-variant: normal; font-weight: normal; letter-spacing: normal; line-height: 26px; orphans: auto; text-align: left; text-indent: 0px; text-transform: none; white-space: normal; widows: auto; word-spacing: 0px; -webkit-text-stroke-width: 0px; background-color: rgb(255, 255, 255); display: inline !important; float: none;\">405&nbsp;&nbsp;Method&nbsp;Not&nbsp;Allowed&nbsp;&nbsp;请求方法（GET、POST、HEAD、DELETE、PUT、TRACE等）对指定的资源不适用。（HTTP&nbsp;1.1新）&nbsp;&nbsp;</span><br style=\"color: rgb(0, 0, 0); font-family: Arial; font-size: 18px; font-style: normal; font-variant: normal; font-weight: normal; letter-spacing: normal; line-height: 26px; orphans: auto; text-align: left; text-indent: 0px; text-transform: none; white-space: normal; widows: auto; word-spacing: 0px; -webkit-text-stroke-width: 0px; background-color: rgb(255, 255, 255);\"/><span style=\"color: rgb(0, 0, 0); font-family: Arial; font-size: 18px; font-style: normal; font-variant: normal; font-weight: normal; letter-spacing: normal; line-height: 26px; orphans: auto; text-align: left; text-indent: 0px; text-transform: none; white-space: normal; widows: auto; word-spacing: 0px; -webkit-text-stroke-width: 0px; background-color: rgb(255, 255, 255); display: inline !important; float: none;\">406&nbsp;&nbsp;Not&nbsp;Acceptable&nbsp;&nbsp;指定的资源已经找到，但它的MIME类型和客户在Accpet头中所指定的不兼容（HTTP&nbsp;1.1新）。&nbsp;&nbsp;</span><br style=\"color: rgb(0, 0, 0); font-family: Arial; font-size: 18px; font-style: normal; font-variant: normal; font-weight: normal; letter-spacing: normal; line-height: 26px; orphans: auto; text-align: left; text-indent: 0px; text-transform: none; white-space: normal; widows: auto; word-spacing: 0px; -webkit-text-stroke-width: 0px; background-color: rgb(255, 255, 255);\"/><span style=\"color: rgb(0, 0, 0); font-family: Arial; font-size: 18px; font-style: normal; font-variant: normal; font-weight: normal; letter-spacing: normal; line-height: 26px; orphans: auto; text-align: left; text-indent: 0px; text-transform: none; white-space: normal; widows: auto; word-spacing: 0px; -webkit-text-stroke-width: 0px; background-color: rgb(255, 255, 255); display: inline !important; float: none;\">407&nbsp;&nbsp;Proxy&nbsp;Authentication&nbsp;Required&nbsp;&nbsp;类似于401，表示客户必须先经过代理服务器的授权。（HTTP&nbsp;1.1新）&nbsp;&nbsp;</span><br style=\"color: rgb(0, 0, 0); font-family: Arial; font-size: 18px; font-style: normal; font-variant: normal; font-weight: normal; letter-spacing: normal; line-height: 26px; orphans: auto; text-align: left; text-indent: 0px; text-transform: none; white-space: normal; widows: auto; word-spacing: 0px; -webkit-text-stroke-width: 0px; background-color: rgb(255, 255, 255);\"/><span style=\"color: rgb(0, 0, 0); font-family: Arial; font-size: 18px; font-style: normal; font-variant: normal; font-weight: normal; letter-spacing: normal; line-height: 26px; orphans: auto; text-align: left; text-indent: 0px; text-transform: none; white-space: normal; widows: auto; word-spacing: 0px; -webkit-text-stroke-width: 0px; background-color: rgb(255, 255, 255); display: inline !important; float: none;\">408&nbsp;&nbsp;Request&nbsp;Timeout&nbsp;&nbsp;在服务器许可的等待时间内，客户一直没有发出任何请求。客户可以在以后重复同一请求。（HTTP&nbsp;1.1新）&nbsp;&nbsp;</span><br style=\"color: rgb(0, 0, 0); font-family: Arial; font-size: 18px; font-style: normal; font-variant: normal; font-weight: normal; letter-spacing: normal; line-height: 26px; orphans: auto; text-align: left; text-indent: 0px; text-transform: none; white-space: normal; widows: auto; word-spacing: 0px; -webkit-text-stroke-width: 0px; background-color: rgb(255, 255, 255);\"/><span style=\"color: rgb(0, 0, 0); font-family: Arial; font-size: 18px; font-style: normal; font-variant: normal; font-weight: normal; letter-spacing: normal; line-height: 26px; orphans: auto; text-align: left; text-indent: 0px; text-transform: none; white-space: normal; widows: auto; word-spacing: 0px; -webkit-text-stroke-width: 0px; background-color: rgb(255, 255, 255); display: inline !important; float: none;\">409&nbsp;&nbsp;Conflict&nbsp;&nbsp;通常和PUT请求有关。由于请求和资源的当前状态相冲突，因此请求不能成功。（HTTP&nbsp;1.1新）&nbsp;&nbsp;</span><br style=\"color: rgb(0, 0, 0); font-family: Arial; font-size: 18px; font-style: normal; font-variant: normal; font-weight: normal; letter-spacing: normal; line-height: 26px; orphans: auto; text-align: left; text-indent: 0px; text-transform: none; white-space: normal; widows: auto; word-spacing: 0px; -webkit-text-stroke-width: 0px; background-color: rgb(255, 255, 255);\"/><span style=\"color: rgb(0, 0, 0); font-family: Arial; font-size: 18px; font-style: normal; font-variant: normal; font-weight: normal; letter-spacing: normal; line-height: 26px; orphans: auto; text-align: left; text-indent: 0px; text-transform: none; white-space: normal; widows: auto; word-spacing: 0px; -webkit-text-stroke-width: 0px; background-color: rgb(255, 255, 255); display: inline !important; float: none;\">410&nbsp;&nbsp;Gone&nbsp;&nbsp;所请求的文档已经不再可用，而且服务器不知道应该重定向到哪一个地址。它和404的不同在于，返回407表示文档永久地离开了指定的位置，而404表示由于未知的原因文档不可用。（HTTP&nbsp;1.1新）&nbsp;&nbsp;</span><br style=\"color: rgb(0, 0, 0); font-family: Arial; font-size: 18px; font-style: normal; font-variant: normal; font-weight: normal; letter-spacing: normal; line-height: 26px; orphans: auto; text-align: left; text-indent: 0px; text-transform: none; white-space: normal; widows: auto; word-spacing: 0px; -webkit-text-stroke-width: 0px; background-color: rgb(255, 255, 255);\"/><span style=\"color: rgb(0, 0, 0); font-family: Arial; font-size: 18px; font-style: normal; font-variant: normal; font-weight: normal; letter-spacing: normal; line-height: 26px; orphans: auto; text-align: left; text-indent: 0px; text-transform: none; white-space: normal; widows: auto; word-spacing: 0px; -webkit-text-stroke-width: 0px; background-color: rgb(255, 255, 255); display: inline !important; float: none;\">411&nbsp;&nbsp;Length&nbsp;Required&nbsp;&nbsp;服务器不能处理请求，除非客户发送一个Content-Length头。（HTTP&nbsp;1.1新）&nbsp;&nbsp;</span><br style=\"color: rgb(0, 0, 0); font-family: Arial; font-size: 18px; font-style: normal; font-variant: normal; font-weight: normal; letter-spacing: normal; line-height: 26px; orphans: auto; text-align: left; text-indent: 0px; text-transform: none; white-space: normal; widows: auto; word-spacing: 0px; -webkit-text-stroke-width: 0px; background-color: rgb(255, 255, 255);\"/><span style=\"color: rgb(0, 0, 0); font-family: Arial; font-size: 18px; font-style: normal; font-variant: normal; font-weight: normal; letter-spacing: normal; line-height: 26px; orphans: auto; text-align: left; text-indent: 0px; text-transform: none; white-space: normal; widows: auto; word-spacing: 0px; -webkit-text-stroke-width: 0px; background-color: rgb(255, 255, 255); display: inline !important; float: none;\">412&nbsp;&nbsp;Precondition&nbsp;Failed&nbsp;&nbsp;请求头中指定的一些前提条件失败（HTTP&nbsp;1.1新）。&nbsp;&nbsp;</span><br style=\"color: rgb(0, 0, 0); font-family: Arial; font-size: 18px; font-style: normal; font-variant: normal; font-weight: normal; letter-spacing: normal; line-height: 26px; orphans: auto; text-align: left; text-indent: 0px; text-transform: none; white-space: normal; widows: auto; word-spacing: 0px; -webkit-text-stroke-width: 0px; background-color: rgb(255, 255, 255);\"/><span style=\"color: rgb(0, 0, 0); font-family: Arial; font-size: 18px; font-style: normal; font-variant: normal; font-weight: normal; letter-spacing: normal; line-height: 26px; orphans: auto; text-align: left; text-indent: 0px; text-transform: none; white-space: normal; widows: auto; word-spacing: 0px; -webkit-text-stroke-width: 0px; background-color: rgb(255, 255, 255); display: inline !important; float: none;\">413&nbsp;&nbsp;Request&nbsp;Entity&nbsp;Too&nbsp;Large&nbsp;&nbsp;目标文档的大小超过服务器当前愿意处理的大小。如果服务器认为自己能够稍后再处理该请求，则应该提供一个Retry-After头（HTTP&nbsp;1.1新）。&nbsp;&nbsp;</span><br style=\"color: rgb(0, 0, 0); font-family: Arial; font-size: 18px; font-style: normal; font-variant: normal; font-weight: normal; letter-spacing: normal; line-height: 26px; orphans: auto; text-align: left; text-indent: 0px; text-transform: none; white-space: normal; widows: auto; word-spacing: 0px; -webkit-text-stroke-width: 0px; background-color: rgb(255, 255, 255);\"/><span style=\"color: rgb(0, 0, 0); font-family: Arial; font-size: 18px; font-style: normal; font-variant: normal; font-weight: normal; letter-spacing: normal; line-height: 26px; orphans: auto; text-align: left; text-indent: 0px; text-transform: none; white-space: normal; widows: auto; word-spacing: 0px; -webkit-text-stroke-width: 0px; background-color: rgb(255, 255, 255); display: inline !important; float: none;\">414&nbsp;&nbsp;Request&nbsp;URI&nbsp;Too&nbsp;Long&nbsp;&nbsp;URI太长（HTTP&nbsp;1.1新）。&nbsp;&nbsp;</span><br style=\"color: rgb(0, 0, 0); font-family: Arial; font-size: 18px; font-style: normal; font-variant: normal; font-weight: normal; letter-spacing: normal; line-height: 26px; orphans: auto; text-align: left; text-indent: 0px; text-transform: none; white-space: normal; widows: auto; word-spacing: 0px; -webkit-text-stroke-width: 0px; background-color: rgb(255, 255, 255);\"/><span style=\"color: rgb(0, 0, 0); font-family: Arial; font-size: 18px; font-style: normal; font-variant: normal; font-weight: normal; letter-spacing: normal; line-height: 26px; orphans: auto; text-align: left; text-indent: 0px; text-transform: none; white-space: normal; widows: auto; word-spacing: 0px; -webkit-text-stroke-width: 0px; background-color: rgb(255, 255, 255); display: inline !important; float: none;\">416&nbsp;&nbsp;Requested&nbsp;Range&nbsp;Not&nbsp;Satisfiable&nbsp;&nbsp;服务器不能满足客户在请求中指定的Range头。（HTTP&nbsp;1.1新）&nbsp;&nbsp;</span><br style=\"color: rgb(0, 0, 0); font-family: Arial; font-size: 18px; font-style: normal; font-variant: normal; font-weight: normal; letter-spacing: normal; line-height: 26px; orphans: auto; text-align: left; text-indent: 0px; text-transform: none; white-space: normal; widows: auto; word-spacing: 0px; -webkit-text-stroke-width: 0px; background-color: rgb(255, 255, 255);\"/><span style=\"color: rgb(0, 0, 0); font-family: Arial; font-size: 18px; font-style: normal; font-variant: normal; font-weight: normal; letter-spacing: normal; line-height: 26px; orphans: auto; text-align: left; text-indent: 0px; text-transform: none; white-space: normal; widows: auto; word-spacing: 0px; -webkit-text-stroke-width: 0px; background-color: rgb(255, 255, 255); display: inline !important; float: none;\">500&nbsp;&nbsp;Internal&nbsp;Server&nbsp;Error&nbsp;&nbsp;服务器遇到了意料不到的情况，不能完成客户的请求。&nbsp;&nbsp;</span><br style=\"color: rgb(0, 0, 0); font-family: Arial; font-size: 18px; font-style: normal; font-variant: normal; font-weight: normal; letter-spacing: normal; line-height: 26px; orphans: auto; text-align: left; text-indent: 0px; text-transform: none; white-space: normal; widows: auto; word-spacing: 0px; -webkit-text-stroke-width: 0px; background-color: rgb(255, 255, 255);\"/><span style=\"color: rgb(0, 0, 0); font-family: Arial; font-size: 18px; font-style: normal; font-variant: normal; font-weight: normal; letter-spacing: normal; line-height: 26px; orphans: auto; text-align: left; text-indent: 0px; text-transform: none; white-space: normal; widows: auto; word-spacing: 0px; -webkit-text-stroke-width: 0px; background-color: rgb(255, 255, 255); display: inline !important; float: none;\">501&nbsp;&nbsp;Not&nbsp;Implemented&nbsp;&nbsp;服务器不支持实现请求所需要的功能。例如，客户发出了一个服务器不支持的PUT请求。&nbsp;&nbsp;</span><br style=\"color: rgb(0, 0, 0); font-family: Arial; font-size: 18px; font-style: normal; font-variant: normal; font-weight: normal; letter-spacing: normal; line-height: 26px; orphans: auto; text-align: left; text-indent: 0px; text-transform: none; white-space: normal; widows: auto; word-spacing: 0px; -webkit-text-stroke-width: 0px; background-color: rgb(255, 255, 255);\"/><span style=\"color: rgb(0, 0, 0); font-family: Arial; font-size: 18px; font-style: normal; font-variant: normal; font-weight: normal; letter-spacing: normal; line-height: 26px; orphans: auto; text-align: left; text-indent: 0px; text-transform: none; white-space: normal; widows: auto; word-spacing: 0px; -webkit-text-stroke-width: 0px; background-color: rgb(255, 255, 255); display: inline !important; float: none;\">502&nbsp;&nbsp;Bad&nbsp;Gateway&nbsp;&nbsp;服务器作为网关或者代理时，为了完成请求访问下一个服务器，但该服务器返回了非法的应答。&nbsp;&nbsp;</span><br style=\"color: rgb(0, 0, 0); font-family: Arial; font-size: 18px; font-style: normal; font-variant: normal; font-weight: normal; letter-spacing: normal; line-height: 26px; orphans: auto; text-align: left; text-indent: 0px; text-transform: none; white-space: normal; widows: auto; word-spacing: 0px; -webkit-text-stroke-width: 0px; background-color: rgb(255, 255, 255);\"/><span style=\"color: rgb(0, 0, 0); font-family: Arial; font-size: 18px; font-style: normal; font-variant: normal; font-weight: normal; letter-spacing: normal; line-height: 26px; orphans: auto; text-align: left; text-indent: 0px; text-transform: none; white-space: normal; widows: auto; word-spacing: 0px; -webkit-text-stroke-width: 0px; background-color: rgb(255, 255, 255); display: inline !important; float: none;\">503&nbsp;&nbsp;Service&nbsp;Unavailable&nbsp;&nbsp;服务器由于维护或者负载过重未能应答。例如，Servlet可能在数据库连接池已满的情况下返回503。服务器返回503时可以提供一个Retry-After头。&nbsp;&nbsp;</span><br style=\"color: rgb(0, 0, 0); font-family: Arial; font-size: 18px; font-style: normal; font-variant: normal; font-weight: normal; letter-spacing: normal; line-height: 26px; orphans: auto; text-align: left; text-indent: 0px; text-transform: none; white-space: normal; widows: auto; word-spacing: 0px; -webkit-text-stroke-width: 0px; background-color: rgb(255, 255, 255);\"/><span style=\"color: rgb(0, 0, 0); font-family: Arial; font-size: 18px; font-style: normal; font-variant: normal; font-weight: normal; letter-spacing: normal; line-height: 26px; orphans: auto; text-align: left; text-indent: 0px; text-transform: none; white-space: normal; widows: auto; word-spacing: 0px; -webkit-text-stroke-width: 0px; background-color: rgb(255, 255, 255); display: inline !important; float: none;\">504&nbsp;&nbsp;Gateway&nbsp;Timeout&nbsp;&nbsp;由作为代理或网关的服务器使用，表示不能及时地从远程服务器获得应答。（HTTP&nbsp;1.1新）&nbsp;&nbsp;</span><br style=\"color: rgb(0, 0, 0); font-family: Arial; font-size: 18px; font-style: normal; font-variant: normal; font-weight: normal; letter-spacing: normal; line-height: 26px; orphans: auto; text-align: left; text-indent: 0px; text-transform: none; white-space: normal; widows: auto; word-spacing: 0px; -webkit-text-stroke-width: 0px; background-color: rgb(255, 255, 255);\"/><span style=\"color: rgb(0, 0, 0); font-family: Arial; font-size: 18px; font-style: normal; font-variant: normal; font-weight: normal; letter-spacing: normal; line-height: 26px; orphans: auto; text-align: left; text-indent: 0px; text-transform: none; white-space: normal; widows: auto; word-spacing: 0px; -webkit-text-stroke-width: 0px; background-color: rgb(255, 255, 255); display: inline !important; float: none;\">505&nbsp;&nbsp;HTTP&nbsp;Version&nbsp;Not&nbsp;Supported&nbsp;&nbsp;服务器不支持</span></p>',1,1,'2019-04-22 18:00:16',1,9,1,10),(4,'session超时设置','<p class=\"font-color\" style=\"margin: 0px 0px 10px; padding: 0px; color: rgb(0, 0, 0); font-family: Arial; font-size: 14px; font-style: normal; font-variant: normal; font-weight: normal; letter-spacing: normal; line-height: 26px; orphans: auto; text-align: left; text-indent: 0px; text-transform: none; white-space: normal; widows: auto; word-spacing: 0px; -webkit-text-stroke-width: 0px; background-color: rgb(255, 255, 255);\"><span style=\"font-size: 18px;\">session超时设置阵列有以下3种方法：</span></p><p class=\"font-color\" style=\"margin: 0px 0px 10px; padding: 0px; color: rgb(0, 0, 0); font-family: Arial; font-size: 14px; font-style: normal; font-variant: normal; font-weight: normal; letter-spacing: normal; line-height: 26px; orphans: auto; text-align: left; text-indent: 0px; text-transform: none; white-space: normal; widows: auto; word-spacing: 0px; -webkit-text-stroke-width: 0px; background-color: rgb(255, 255, 255);\"><span style=\"font-size: 18px;\">1. 在tomcat &nbsp;-&gt;conf &nbsp;-&gt; &nbsp;servler.xml文件中定义：</span></p><p class=\"font-color\" style=\"margin: 0px 0px 10px; padding: 0px; color: rgb(0, 0, 0); font-family: Arial; font-size: 14px; font-style: normal; font-variant: normal; font-weight: normal; letter-spacing: normal; line-height: 26px; orphans: auto; text-align: left; text-indent: 0px; text-transform: none; white-space: normal; widows: auto; word-spacing: 0px; -webkit-text-stroke-width: 0px; background-color: rgb(255, 255, 255);\"><span style=\"font-size: 18px;\">&nbsp;&nbsp;&nbsp;&nbsp;&nbsp;&nbsp; &lt;Context path=&quot;/test&quot; docBase=&quot;/test&quot;&nbsp;&nbsp;&nbsp;<br/>　　defaultSessionTimeOut=&quot;3600&quot; isWARExpanded=&quot;true&quot;&nbsp;&nbsp;&nbsp;<br/>　　isWARValidated=&quot;false&quot; isInvokerEnabled=&quot;true&quot;&nbsp;&nbsp;&nbsp;<br/>　　isWorkDirPersistent=&quot;false&quot;/&gt;&nbsp;<br/>defaultSessionTimeOut=&quot;3600&quot;</span></p><p class=\"font-color\" style=\"margin: 0px 0px 10px; padding: 0px; color: rgb(0, 0, 0); font-family: Arial; font-size: 14px; font-style: normal; font-variant: normal; font-weight: normal; letter-spacing: normal; line-height: 26px; orphans: auto; text-align: left; text-indent: 0px; text-transform: none; white-space: normal; widows: auto; word-spacing: 0px; -webkit-text-stroke-width: 0px; background-color: rgb(255, 255, 255);\"><span style=\"font-size: 18px;\">2. 在web.xml中定义：</span></p><p class=\"font-color\" style=\"margin: 0px 0px 10px; padding: 0px; color: rgb(0, 0, 0); font-family: Arial; font-size: 14px; font-style: normal; font-variant: normal; font-weight: normal; letter-spacing: normal; line-height: 26px; orphans: auto; text-align: left; text-indent: 0px; text-transform: none; white-space: normal; widows: auto; word-spacing: 0px; -webkit-text-stroke-width: 0px; background-color: rgb(255, 255, 255);\"><span style=\"font-size: 18px;\">&lt;session-config&gt;&nbsp;&nbsp;&nbsp;<br/>&lt;session-timeout&gt;20&lt;/session-timeout&gt;&nbsp;&nbsp;&nbsp;<br/>&lt;/session-config&gt;</span></p><p class=\"font-color\" style=\"margin: 0px 0px 10px; padding: 0px; color: rgb(0, 0, 0); font-family: Arial; font-size: 14px; font-style: normal; font-variant: normal; font-weight: normal; letter-spacing: normal; line-height: 26px; orphans: auto; text-align: left; text-indent: 0px; text-transform: none; white-space: normal; widows: auto; word-spacing: 0px; -webkit-text-stroke-width: 0px; background-color: rgb(255, 255, 255);\"><span style=\"font-size: 18px;\">3. 在程序中定义：&nbsp;<br/>session.setMaxInactiveInterval(30*60);表示30分钟内不操作就失效&nbsp;<br/>设置单位为秒，设置为-1永不过期</span></p><p><br/></p>',0,0,'2019-04-22 18:02:44',1,29,0,10),(5,'欢迎大家来找茬','<p>来，说说大家的问题哈</p>',15,0,'2019-04-22 10:32:27',1,36,0,10),(6,'dfgsdg','<p>在用SSH框架写用户管理系统的代码时，准备在登陆代码中添加一个验证码的功能，可是当我在jsp页面外单开一个action写验证码的代码后，只要一到登陆界面，后台就会报错，报的是OutputStream和getwriter的输出流冲突错误。。。求解！！！！</p><p>&nbsp;</p><p>注：（非测试代码，真求解啊）</p>',3,0,'2019-04-22 10:39:02',3,13,0,20),(7,'JavaWeb发展学习方向','<p>在学完SSH以后，如果还要学web方面的知识的话该看什么了？？？？谁知道 。。</p>',3,0,'2019-04-22 10:41:22',3,13,0,10),(8,'SSH学习视屏分享------论坛开张推出的优惠哦 ............','<p><span style=\"line-height: 0px;\">﻿</span><a href=\"http://pan.baidu.com/disk/home#path=%252Fssh%25E6%25A1%2586%25E6%259E%25B6\">http://pan.baidu.com/disk/home#path=%252Fssh%25E6%25A1%2586%25E6%259E%25B6</a></p><p>&nbsp;</p><p>&nbsp;</p>',6,0,'2019-04-22 10:47:54',3,13,1,10),(9,'EXTJS4.0视频分享','<p><a href=\"http://pan.baidu.com/s/1pJLNGIf\">http://pan.baidu.com/s/1pJLNGIf</a></p>',7,0,'2019-04-22 10:56:52',2,40,1,10),(10,'新手报到啦！！！','<p>大家互相认识一下吧，哈哈<img src=\"http://img.baidu.com/hi/jx2/j_0071.gif\"/></p>',14,0,'2019-04-22 11:06:59',4,36,0,10),(11,'大家说说找回密码功能怎么做啊','<p>如题，请大家指导指导，万分感谢</p>',1,0,'2019-04-22 11:57:15',1,19,0,40),(12,'jsp  img标签包含中文该如何处理呢','<p>如题，请大家指教，img标签里面的src我是通过struts 的property获取的</p>',2,0,'2019-04-23 01:29:34',1,10,0,5),(13,'给本论坛的建议','<p>&nbsp; &nbsp;大家好，欢迎大家来到用户社区，目前本论坛处于测试过程，欢迎大家来找BUG，万分感谢，找到bug后回复在此楼层，谢谢</p>',24,0,'2019-04-23 05:49:14',1,36,1,30),(14,'测试发图，','<p><img src=\"/ueditor/jsp/upload1/20140823/5241408782244187.jpg\" title=\"psb.jpg\"/></p><p><br/></p><p><br/></p><p><br/></p><p><video class=\"edui-upload-video video-js vjs-default-skin\" controls=\"\" preload=\"none\" width=\"420\" height=\"280\" src=\"/ueditor/jsp/upload/20140823/71641408782429937.wmv\" data-setup=\"{}\"><source src=\"/ueditor/jsp/upload/20140823/71641408782429937.wmv\" type=\"video/wmv\"/></video></p><p><br/></p><p style=\"line-height: 16px;\"><img src=\"/ueditor/dialogs/attachment/fileTypeImages/icon_doc.gif\"/><a href=\"/ueditor/jsp/upload/20140823/31651408782536171.doc\">BBS论坛设计论文(完整ç?).doc</a></p><p><embed type=\"application/x-shockwave-flash\" class=\"edui-faked-music\" pluginspage=\"http://www.macromedia.com/go/getflashplayer\" src=\"http://box.baidu.com/widget/flash/bdspacesong.swf?from=tiebasongwidget&url=&name=%E5%B9%BB%E5%90%AC&artist=%E8%AE%B8%E5%B5%A9&extra=%E6%A2%A6%E6%B8%B8%E8%AE%A1&autoPlay=false&loop=true\" width=\"400\" height=\"95\" align=\"none\" wmode=\"transparent\" play=\"true\" loop=\"false\" menu=\"false\" allowscriptaccess=\"never\" allowfullscreen=\"true\"/></p><p><br/></p><p></p><p style=\"text-align:center\"><br/></p>',0,0,'2019-04-23 08:29:27',1,36,0,5),(15,'测试视频','<p style=\"text-align:center\"><embed type=\"application/x-shockwave-flash\" class=\"edui-faked-video\" pluginspage=\"http://www.macromedia.com/go/getflashplayer\" src=\"http://player.youku.com/player.php/sid/XNzMwNzA5OTcy\" width=\"420\" height=\"280\" wmode=\"transparent\" play=\"true\" loop=\"false\" menu=\"false\" allowscriptaccess=\"never\" allowfullscreen=\"true\"/></p><p>---------------------------------------------------------------------</p><p><br/></p><p>自己上传</p><p><video class=\"edui-upload-video video-js vjs-default-skin\" controls=\"\" preload=\"none\" width=\"420\" height=\"280\" src=\"/ueditor/jsp/upload/20140823/97161408783593734.avi\" data-setup=\"{}\"><source src=\"/ueditor/jsp/upload/20140823/97161408783593734.avi\" type=\"video/avi\"/></video></p><p><br/></p><p><br/></p>',0,0,'2019-04-23 08:48:06',5,40,0,5),(16,'再次测试视频','<p style=\"text-align: center\"><img src=\"http://localhost:8080/DS-Java/ueditor/jsp/upload1/20140824/3911408870183811.jpg\" title=\"psb.jpg\"/></p><p style=\"line-height: 16px;\"><img src=\"http://localhost:8080/DS-Java/ueditor/dialogs/attachment/fileTypeImages/icon_doc.gif\"/><a href=\"http://localhost:8080/DS-Java/ueditor/jsp/upload/20140824/71561408870243514.doc\">readme.doc</a></p><p><br/></p>',0,0,'2019-04-24 16:51:07',1,37,0,5),(17,'再次测试视频（前面没有传上去呢）','<p>测试上传视频，前面的帖子没弄好，重来</p><p><video class=\"edui-upload-video video-js vjs-default-skin\" controls=\"\" preload=\"none\" width=\"420\" height=\"280\" src=\"http://localhost:8080/DS-Java/ueditor/jsp/upload/20140824/85121408870365746.wmv\" data-setup=\"{}\"><source src=\"http://localhost:8080/DS-Java/ueditor/jsp/upload/20140824/85121408870365746.wmv\" type=\"video/wmv\"/></video></p>',0,0,'2019-04-24 16:52:49',1,36,0,5),(18,'我也来测试一下','<p>上一篇主任没有弄对格式，我试试看</p><p><br/></p><p><video class=\"edui-upload-video video-js vjs-default-skin\" controls=\"\" preload=\"none\" width=\"420\" height=\"280\" src=\"http://localhost:8080/DS-Java/ueditor/jsp/upload/20140824/87031408870532541.wmv\" data-setup=\"{}\"><source src=\"http://localhost:8080/DS-Java/ueditor/jsp/upload/20140824/87031408870532541.wmv\" type=\"video/wmv\"/></video></p>',0,0,'2019-04-24 16:55:44',5,40,0,5),(19,'大家交个朋友吧','<p>大家交个朋友吧大家交个朋友吧大家交个朋友吧</p>',1,0,'2014-11-06 18:50:17',1,1,0,10),(20,'dfgsdg','<p>sdfgdsfgasdfaasdfasdfasdf<br/></p>',0,0,'2014-12-10 16:42:20',1,2,0,5),(21,'我真的很想你','',4,0,'2019-04-29 08:50:58',5,4,0,10),(22,'啊手动阀手动阀','',0,0,'2019-04-29 09:09:53',5,2,0,10),(23,'啊手动阀手动阀','',6,0,'2019-04-29 09:10:46',5,2,0,10),(24,'我也是日了狗了','<p>谷歌浏览器给我报错，你不报？</p>',3,0,'2019-04-29 13:11:09',5,4,0,5),(25,'asdfa ','',0,0,'2019-04-29 15:25:20',2,2,0,3),(26,'sdfsadfsadfasdf','<p>sadfsadfasdfasfasdfasdf</p>',2,0,'2019-04-29 15:26:09',2,5,0,5),(27,'4242','<p>34545355555</p>',1,0,'2019-04-29 16:27:13',2,3,0,5),(28,'123','',1,0,'2019-04-29 16:31:56',2,5,0,5);

/*Table structure for table `t_type` */

DROP TABLE IF EXISTS `t_type`;

CREATE TABLE `t_type` (
  `id` int(11) NOT NULL AUTO_INCREMENT,
  `name` varchar(30) DEFAULT NULL,
  `count_topics` int(11) DEFAULT '0',
  `count_comments` int(11) DEFAULT '0',
  `is_admin_type` int(11) DEFAULT '0',
  `types_category_id` int(11) NOT NULL,
  PRIMARY KEY (`id`),
  KEY `types_category_id` (`types_category_id`),
  CONSTRAINT `types_category_id` FOREIGN KEY (`types_category_id`) REFERENCES `t_category` (`id`)
) ENGINE=InnoDB AUTO_INCREMENT=41 DEFAULT CHARSET=utf8;

/*Data for the table `t_type` */

insert  into `t_type`(`id`,`name`,`count_topics`,`count_comments`,`is_admin_type`,`types_category_id`) values (1,'白兰地',1,1,0,1),(2,'威士忌0',4,6,0,1),(3,'金酒',1,1,0,1),(4,'伏特加',2,7,0,1),(5,'朗姆酒',2,3,0,2),(6,'特吉拉酒',0,0,0,2),(7,'长城',2,7,0,2),(8,'雪花',0,0,0,2),(9,'中南海',1,1,0,2),(10,'燕京',1,2,0,3),(11,'雪花',0,0,0,3),(12,'雪花',0,0,0,3),(13,'雪花',3,12,0,3),(14,'雪花',0,0,0,4),(15,'雪花',0,0,0,4),(16,'雪花',0,0,0,4),(17,'雪花',0,0,0,4),(18,'雪花',0,0,0,4),(19,'雪花',1,1,0,4),(20,'雪花',0,0,0,4),(21,'雪花',0,0,0,5),(22,'雪花',0,0,0,5),(23,'雪花',0,0,0,5),(24,'雪花',0,0,0,5),(25,'雪花',0,0,0,6),(26,'雪花',0,0,0,6),(27,'雪花',0,0,0,6),(28,'生命之水',0,0,0,6),(29,'生命之水',1,0,0,6),(30,'生命之水',0,0,0,7),(31,'生命之水',0,0,0,7),(32,'生命之水',0,0,0,7),(33,'生命之水',0,0,0,7),(34,'生命之水',0,0,0,7),(35,'生命之水',0,0,0,7),(36,'生命之水',5,56,0,8),(37,'生命之水',1,0,0,8),(38,'生命之水',0,0,0,9),(39,'生命之水',0,0,0,9),(40,'生命之水',3,7,0,9);

/*Table structure for table `t_user` */

DROP TABLE IF EXISTS `t_user`;

CREATE TABLE `t_user` (
  `id` int(11) NOT NULL,
  `username` varchar(20) DEFAULT NULL,
  `password` varchar(20) DEFAULT NULL,
  `nickname` varchar(32) DEFAULT NULL,
  `sex` varchar(2) DEFAULT NULL,
  `picture` varchar(255) DEFAULT NULL,
  `email` varchar(20) DEFAULT NULL,
  `come_from` varchar(200) DEFAULT NULL,
  `introduction` longtext,
  `profession` varchar(40) DEFAULT NULL,
  `grade_integal` int(11) DEFAULT '0',
  `integral` int(11) DEFAULT NULL,
  `clock` int(11) DEFAULT NULL,
  `topic_count` int(11) DEFAULT NULL,
  `comment_count` int(11) DEFAULT NULL,
  `role_id` int(11) DEFAULT '0',
  `users_grade_id` int(11) NOT NULL,
  `register_time` datetime DEFAULT NULL,
  `status` int(11) DEFAULT '0',
  PRIMARY KEY (`id`),
  KEY `usersGrade_id` (`users_grade_id`),
  CONSTRAINT `usersGrade_id` FOREIGN KEY (`users_grade_id`) REFERENCES `t_grade` (`id`)
) ENGINE=InnoDB DEFAULT CHARSET=utf8;

/*Data for the table `t_user` */

insert  into `t_user`(`id`,`username`,`password`,`nickname`,`sex`,`picture`,`email`,`come_from`,`introduction`,`profession`,`grade_integal`,`integral`,`clock`,`topic_count`,`comment_count`,`role_id`,`users_grade_id`,`register_time`,`status`) values (1,'andy','123456','尘封记忆的十月','男','/DS-Java/image/java.png','123456@163.com','湖南长沙','酒类商品用户社区','学生',60,80,3,7,22,16,1,'2014-07-24 08:00:00',0),(2,'rose','123456','ImChengxuyuan','男','/DS-Java/image/java.png','123456@163.com','广州','酒类商品用户社区','学生',20,85,2,4,6,6,1,'2019-04-22 18:04:57',0),(3,'xujian','123456','我一直在这儿','男','/DS-Java/image/java.png','123456@163.com','长理云塘','酒类商品用户社区','学生',20,78,0,0,6,16,1,'2019-04-22 10:32:30',0),(4,'小白','123456','俺来也','男','/DS-Java/image/java.png','123456@163.com','','酒类商品用户社区','学生',0,61,0,0,0,6,1,'2019-04-22 10:57:56',0),(5,'001','123456','木头人','男','/DS-Java/image/java.png','123456@163.com','广州','酒类商品用户社区','学生',0,20,0,8,19,0,1,'2019-04-22 11:10:05',0),(6,'wang','123456','wang','男','/DS-Java/image/java.png','123456@163.com','','酒类商品用户社区','学生',0,50,0,0,0,0,1,'2019-04-22 11:16:11',0),(7,'786543563','123456','123456','男','/DS-Java/image/java.png','123456@163.com','','酒类商品用户社区','学生',0,50,0,0,0,0,1,'2019-04-22 15:47:36',0),(8,'丫丫丫丫丫丫','123456','丫丫丫丫丫丫','女','/DS-Java/image/java.png','123456@163.com','','酒类商品用户社区','学生',0,51,0,0,1,0,1,'2019-04-24 05:44:36',0),(9,'冯大立','123456','冯大立','男','/DS-Java/image/java.png','123456@163.com','','酒类商品用户社区','学生',0,50,0,0,0,0,1,'2019-04-24 12:29:12',0),(10,'panhainan','123456','十月','男','/DS-Java/image/java.png','123456@163.com','','酒类商品用户社区','学生',0,50,0,0,0,0,1,'2019-04-24 13:01:22',0);

/*Table structure for table `user` */

DROP TABLE IF EXISTS `user`;

CREATE TABLE `user` (
  `uid` int(11) NOT NULL AUTO_INCREMENT,
  `username` varchar(255) DEFAULT NULL,
  `password` varchar(255) DEFAULT NULL,
  `name` varchar(255) DEFAULT NULL,
  `email` varchar(255) DEFAULT NULL,
  `phone` varchar(255) DEFAULT NULL,
  `addr` varchar(255) DEFAULT NULL,
  `state` int(11) DEFAULT NULL,
  `code` varchar(255) DEFAULT NULL,
  PRIMARY KEY (`uid`)
) ENGINE=InnoDB AUTO_INCREMENT=24 DEFAULT CHARSET=utf8;

/*Data for the table `user` */

insert  into `user`(`uid`,`username`,`password`,`name`,`email`,`phone`,`addr`,`state`,`code`) values (7,'xujian','123456','崔佳豪','10086@qq.com','123456789','山西省晋中经济技术开发区',1,''),(8,'mike','123456','王云泽','10086@qq.com','123456789','北京市西三旗中腾建华3楼',1,''),(9,'rose','123456','刘萌','10086@qq.com','123456789','上海市金山区佳木路12号',1,NULL),(16,'smile','123456','陈晓宇','10086@qq.com','123456789','湖北省咸宁市嘉鱼县一中',0,'5cab3db11c154886b9043ac37fb39f77751169778778482ba521e37d52898a51'),(18,'','123456','苏文华','10086@qq.com','123456789','北京市昌平区回龙观大街38号',1,'ecf2fa216ecc45bd896949395fa10e906e35dc526a704b3eb967f620ea80f092'),(19,'user','123456','刘云飞','10086@qq.com','123456789','北京市昌平区回龙观大街36号',1,'02492ab722df41f0804aa516da322b0f5d87a9c0e0834ba3a148f0c379d5859e'),(20,'huwq','123456','胡文青','10086@qq.com','123456789','北京市昌平区文峰大街22号',1,'6e5de1ab8c804aeb833a5d45c2b0b3b099aa21bbb98a42dea761ddc0426ac048'),(23,'andy_kkk','123456','周小伟','10086@qq.com','123456789','湖北省武汉市江汉路28号',1,'53e685362b6246579d963cea6e3f7ba9f0db4f92b79e47d8b26e488da2c23c0e');

/*!40101 SET SQL_MODE=@OLD_SQL_MODE */;
/*!40014 SET FOREIGN_KEY_CHECKS=@OLD_FOREIGN_KEY_CHECKS */;
/*!40014 SET UNIQUE_CHECKS=@OLD_UNIQUE_CHECKS */;
/*!40111 SET SQL_NOTES=@OLD_SQL_NOTES */;
